"dataset","method","bandwidth_multiplier","eigengap","partition_ARI_vs_primary"
"Star","D_m",0.5,0.113131136848871,0.736294171430027
"Star","D_m",0.75,0.0427043605940717,0.796483831916348
"Star","D_m",1,0.0226251251611197,1
"Star","D_m",1.5,0.0101533193702655,0.932056833088509
"Star","D_m",2,0.00565821897761787,0.925563670948531
"Star","D_mint",0.5,0.0131333460410756,0.749132240820142
"Star","D_mint",0.75,0.0124400905461088,0.804647309274342
"Star","D_mint",1,0.00864588948863731,1
"Star","D_mint",1.5,0.00533221325666877,1
"Star","D_mint",2,0.00332003084246746,1
"Palmer_penguins","D_m",0.5,0.104710289096862,0.861030186227419
"Palmer_penguins","D_m",0.75,0.061794406699351,0.896950467170844
"Palmer_penguins","D_m",1,0.0372383291321181,1
"Palmer_penguins","D_m",1.5,0.0177703677625051,0.934919063770175
"Palmer_penguins","D_m",2,0.0103335198426197,0.927135152272735
"Palmer_penguins","D_mint",0.5,0.152411058304182,0.942797080796057
"Palmer_penguins","D_mint",0.75,0.142389620560846,0.983270163462362
"Palmer_penguins","D_mint",1,0.0975938328580713,1
"Palmer_penguins","D_mint",1.5,0.0488432857450897,0.982663911605912
"Palmer_penguins","D_mint",2,0.0284942799729166,0.982663911605912
"SAheart","D_m",0.5,0.160462273834981,0.865977449773013
"SAheart","D_m",0.75,0.0957330943718727,0.982721508840408
"SAheart","D_m",1,0.0575695672993266,1
"SAheart","D_m",1.5,0.0266351055932137,0.940182828186327
"SAheart","D_m",2,0.0151646168042806,0.915110367711042
"SAheart","D_mint",0.5,0.161707081602979,0.906724770298524
"SAheart","D_mint",0.75,0.0920999836454242,0.93171613563932
"SAheart","D_mint",1,0.0549079703058194,1
"SAheart","D_mint",1.5,0.0249503060575714,0.982694820917655
"SAheart","D_mint",2,0.0140640043342677,0.974096885616289
"Dermatology","D_m",0.5,0.00675667971905625,0.874315113658306
"Dermatology","D_m",0.75,0.00491742603883971,0.97926123323904
"Dermatology","D_m",1,0.00253474119215136,1
"Dermatology","D_m",1.5,0.000846110517431331,0.964071767596653
"Dermatology","D_m",2,0.000407144972214502,0.958762787337311
"Dermatology","D_mint",0.5,0.0388842959339295,0.868301323806796
"Dermatology","D_mint",0.75,0.0106832326417652,0.921728390427812
"Dermatology","D_mint",1,0.0035919022487384,1
"Dermatology","D_mint",1.5,0.00189279268892273,0.75699141650073
"Dermatology","D_mint",2,0.0011394240167738,0.749833072665215
