"dataset","gamma","eigengap","partition_ARI_vs_D_m","partition_ARI_vs_D_mint","external_ARI"
"Star",0,0.0226251251611197,1,0.858040499722801,0.932751904889563
"Star",0.25,0.0213390382108644,0.806654018611068,0.757286752933552,0.794222476384308
"Star",0.5,0.0185559839719849,0.757699870512552,0.801107509134598,0.739856789456427
"Star",0.75,0.0137931557630806,0.858040499722801,1,0.829260611563796
"Star",1,0.00864588948863731,0.858040499722801,1,0.829260611563796
"Palmer_penguins",0,0.0372383291321181,1,0.631026892800039,0.669428531946101
"Palmer_penguins",0.25,0.045717621513,0.84012180349377,0.729825978318285,0.593850230821486
"Palmer_penguins",0.5,0.0613926848959765,0.740307855472948,0.826300198798337,0.563628111910234
"Palmer_penguins",0.75,0.0795258872077925,0.659964043939428,0.942797080796057,0.544180708647898
"Palmer_penguins",1,0.0975938328580713,0.631026892800039,1,0.539932348078567
"SAheart",0,0.0575695672993266,1,0.170884552246513,0.0770944493163748
"SAheart",0.25,0.0596556293024507,0.906827440453516,0.21273784448874,0.0843421387587828
"SAheart",0.5,0.0542878923046071,0.711976151801521,0.325112821743197,0.0980561896049826
"SAheart",0.75,0.0508365256156404,0.540598457063415,0.460708476944176,0.100455599154032
"SAheart",1,0.0549079703058194,0.170884552246513,1,0.127315990028539
"Dermatology",0,0.00253474119215136,1,0.750951584056432,0.680618049605295
"Dermatology",0.25,0.00210091417491343,0.765851753113626,0.802517831008546,0.55487420431771
"Dermatology",0.5,0.00265044638998768,0.789869089661306,0.830925270296655,0.573368671876288
"Dermatology",0.75,0.00312126903600596,0.770738130758222,0.973348258305387,0.670702868135244
"Dermatology",1,0.0035919022487384,0.750951584056432,1,0.665923827564345
