"dataset","prop_nn","partition_ARI_vs_primary","active_count","active_variables"
"Star",0.02,1,2,"Col, Spect"
"Star",0.05,1,2,"Col, Spect"
"Star",0.1,1,2,"Col, Spect"
"Star",0.2,1,2,"Col, Spect"
"Palmer_penguins",0.02,1,2,"island, sex"
"Palmer_penguins",0.05,1,2,"island, sex"
"Palmer_penguins",0.1,1,2,"island, sex"
"Palmer_penguins",0.2,0.99159710095451,2,"island, sex"
"SAheart",0.02,0.170884552246513,0,""
"SAheart",0.05,0.376527052321427,1,"famhist"
"SAheart",0.1,1,1,"famhist"
"SAheart",0.2,0.786876132601136,1,"famhist"
"Dermatology",0.02,0.996118962279704,1,"family_history"
"Dermatology",0.05,1,1,"family_history"
"Dermatology",0.1,1,1,"family_history"
"Dermatology",0.2,0.98082598114585,1,"family_history"
