"configuration","interaction_state","replicate","data_seed","n","p_numeric","q_categorical","method","affinity","bandwidth_base_rule","bandwidth_multiplier","bandwidth_role","affinity_base_scale","affinity_scale","ARI","ifault","distance_seconds","clustering_seconds"
"reference","signal",1,26092100,360,2,2,"ab_gated","gaussian","median_positive_pairwise_dissimilarity",0.5,"sensitivity",3.83482717985344,1.91741358992672,0.903608745979847,0,29.225,0.188000000000002
"reference","signal",1,26092100,360,2,2,"ab_no_interaction","gaussian","median_positive_pairwise_dissimilarity",0.5,"sensitivity",2.18695397502842,1.09347698751421,0.50115732833867,0,2.849,0.136000000000003
"reference","signal",1,26092100,360,2,2,"gower","gaussian","median_positive_pairwise_dissimilarity",0.5,"sensitivity",0.47920851853517,0.239604259267585,0.6555278106402,0,0.132000000000005,0.298000000000002
"reference","signal",1,26092100,360,2,2,"modified_gower","gaussian","median_positive_pairwise_dissimilarity",0.5,"sensitivity",0.57111775480184,0.28555887740092,0.594105838590386,0,1.01,0.175000000000004
"reference","signal",1,26092100,360,2,2,"standardized_euclidean_onehot","gaussian","median_positive_pairwise_dissimilarity",0.5,"sensitivity",4.144679937732,2.072339968866,0.6555278106402,0,0.363,0.0859999999999985
"reference","signal",1,26092100,360,2,2,"ab_gated","gaussian","median_positive_pairwise_dissimilarity",1,"primary",3.83482717985344,3.83482717985344,0.904856510386762,0,29.225,0.323999999999998
"reference","signal",1,26092100,360,2,2,"ab_no_interaction","gaussian","median_positive_pairwise_dissimilarity",1,"primary",2.18695397502842,2.18695397502842,0.489885570925104,0,2.849,0.228000000000002
"reference","signal",1,26092100,360,2,2,"gower","gaussian","median_positive_pairwise_dissimilarity",1,"primary",0.47920851853517,0.47920851853517,0.19860049597079,0,0.132000000000005,0.268000000000001
"reference","signal",1,26092100,360,2,2,"modified_gower","gaussian","median_positive_pairwise_dissimilarity",1,"primary",0.57111775480184,0.57111775480184,0.628660677736719,0,1.01,0.104999999999997
"reference","signal",1,26092100,360,2,2,"standardized_euclidean_onehot","gaussian","median_positive_pairwise_dissimilarity",1,"primary",4.144679937732,4.144679937732,0.509633706911344,0,0.363,0.129999999999995
"reference","signal",1,26092100,360,2,2,"ab_gated","gaussian","median_positive_pairwise_dissimilarity",2,"sensitivity",3.83482717985344,7.66965435970688,0.904856510386762,0,29.225,1.247
"reference","signal",1,26092100,360,2,2,"ab_no_interaction","gaussian","median_positive_pairwise_dissimilarity",2,"sensitivity",2.18695397502842,4.37390795005684,0.355736499192864,0,2.849,0.146999999999998
"reference","signal",1,26092100,360,2,2,"gower","gaussian","median_positive_pairwise_dissimilarity",2,"sensitivity",0.47920851853517,0.958417037070339,0.19860049597079,0,0.132000000000005,0.128
"reference","signal",1,26092100,360,2,2,"modified_gower","gaussian","median_positive_pairwise_dissimilarity",2,"sensitivity",0.57111775480184,1.14223550960368,0.631785707186231,0,1.01,0.887
"reference","signal",1,26092100,360,2,2,"standardized_euclidean_onehot","gaussian","median_positive_pairwise_dissimilarity",2,"sensitivity",4.144679937732,8.289359875464,0.509633706911344,0,0.363,0.0799999999999983
"numeric_medium","signal",1,26092100,360,6,2,"ab_gated","gaussian","median_positive_pairwise_dissimilarity",0.5,"sensitivity",6.88321242324188,3.44160621162094,0.903608745979847,0,28.16,0.234999999999999
"numeric_medium","signal",1,26092100,360,6,2,"ab_no_interaction","gaussian","median_positive_pairwise_dissimilarity",0.5,"sensitivity",3.93915573220298,1.96957786610149,0.47860783744396,0,4.194,0.271000000000001
"numeric_medium","signal",1,26092100,360,6,2,"gower","gaussian","median_positive_pairwise_dissimilarity",0.5,"sensitivity",0.404697030604073,0.202348515302037,0.695798680076008,0,0.213999999999999,0.201999999999998
"numeric_medium","signal",1,26092100,360,6,2,"modified_gower","gaussian","median_positive_pairwise_dissimilarity",0.5,"sensitivity",0.59049456803571,0.295247284017855,0.531122111052614,0,2.351,0.183
"numeric_medium","signal",1,26092100,360,6,2,"standardized_euclidean_onehot","gaussian","median_positive_pairwise_dissimilarity",0.5,"sensitivity",4.99749220538656,2.49874610269328,0.801421914369057,0,0.332000000000001,0.103000000000002
"numeric_medium","signal",1,26092100,360,6,2,"ab_gated","gaussian","median_positive_pairwise_dissimilarity",1,"primary",6.88321242324188,6.88321242324188,0.904336819665579,0,28.16,0.234999999999999
"numeric_medium","signal",1,26092100,360,6,2,"ab_no_interaction","gaussian","median_positive_pairwise_dissimilarity",1,"primary",3.93915573220298,3.93915573220298,0.475077508790909,0,4.194,0.216999999999999
"numeric_medium","signal",1,26092100,360,6,2,"gower","gaussian","median_positive_pairwise_dissimilarity",1,"primary",0.404697030604073,0.404697030604073,0.55185907495792,0,0.213999999999999,1.048
"numeric_medium","signal",1,26092100,360,6,2,"modified_gower","gaussian","median_positive_pairwise_dissimilarity",1,"primary",0.59049456803571,0.59049456803571,0.533789652372044,0,2.351,0.139000000000003
"numeric_medium","signal",1,26092100,360,6,2,"standardized_euclidean_onehot","gaussian","median_positive_pairwise_dissimilarity",1,"primary",4.99749220538656,4.99749220538656,0.597723433117832,0,0.332000000000001,0.204999999999998
"numeric_medium","signal",1,26092100,360,6,2,"ab_gated","gaussian","median_positive_pairwise_dissimilarity",2,"sensitivity",6.88321242324188,13.7664248464838,0.904336819665579,0,28.16,0.140999999999998
"numeric_medium","signal",1,26092100,360,6,2,"ab_no_interaction","gaussian","median_positive_pairwise_dissimilarity",2,"sensitivity",3.93915573220298,7.87831146440596,0.395710807939741,0,4.194,0.140999999999998
"numeric_medium","signal",1,26092100,360,6,2,"gower","gaussian","median_positive_pairwise_dissimilarity",2,"sensitivity",0.404697030604073,0.809394061208147,0.426309098849535,0,0.213999999999999,0.134
"numeric_medium","signal",1,26092100,360,6,2,"modified_gower","gaussian","median_positive_pairwise_dissimilarity",2,"sensitivity",0.59049456803571,1.18098913607142,0.489951794225752,0,2.351,0.134
"numeric_medium","signal",1,26092100,360,6,2,"standardized_euclidean_onehot","gaussian","median_positive_pairwise_dissimilarity",2,"sensitivity",4.99749220538656,9.99498441077312,0.493071727933878,0,0.332000000000001,0.146000000000001
"numeric_high","signal",1,26092100,360,10,2,"ab_gated","gaussian","median_positive_pairwise_dissimilarity",0.5,"sensitivity",9.02375969665064,4.51187984832532,0.903920849979541,0,28.209,0.161000000000001
"numeric_high","signal",1,26092100,360,10,2,"ab_no_interaction","gaussian","median_positive_pairwise_dissimilarity",0.5,"sensitivity",5.14527375361594,2.57263687680797,0.556321174240815,0,3.913,1.029
"numeric_high","signal",1,26092100,360,10,2,"gower","gaussian","median_positive_pairwise_dissimilarity",0.5,"sensitivity",0.367194710717298,0.183597355358649,0.696491957799651,0,0.292999999999999,0.252000000000002
"numeric_high","signal",1,26092100,360,10,2,"modified_gower","gaussian","median_positive_pairwise_dissimilarity",0.5,"sensitivity",0.628994321642873,0.314497160821436,0.503935294380407,0,1.739,0.269000000000005
"numeric_high","signal",1,26092100,360,10,2,"standardized_euclidean_onehot","gaussian","median_positive_pairwise_dissimilarity",0.5,"sensitivity",5.52290879836931,2.76145439918466,0.867529452808416,0,2.11,0.0769999999999982
"numeric_high","signal",1,26092100,360,10,2,"ab_gated","gaussian","median_positive_pairwise_dissimilarity",1,"primary",9.02375969665064,9.02375969665064,0.815862708283804,0,28.209,0.211999999999996
"numeric_high","signal",1,26092100,360,10,2,"ab_no_interaction","gaussian","median_positive_pairwise_dissimilarity",1,"primary",5.14527375361594,5.14527375361594,0.689123954419064,0,3.913,0.109000000000002
"numeric_high","signal",1,26092100,360,10,2,"gower","gaussian","median_positive_pairwise_dissimilarity",1,"primary",0.367194710717298,0.367194710717298,0.521647533115417,0,0.292999999999999,0.127000000000002
"numeric_high","signal",1,26092100,360,10,2,"modified_gower","gaussian","median_positive_pairwise_dissimilarity",1,"primary",0.628994321642873,0.628994321642873,0.515090733883367,0,1.739,0.088000000000001
"numeric_high","signal",1,26092100,360,10,2,"standardized_euclidean_onehot","gaussian","median_positive_pairwise_dissimilarity",1,"primary",5.52290879836931,5.52290879836931,0.573957227395208,0,2.11,0.0749999999999957
"numeric_high","signal",1,26092100,360,10,2,"ab_gated","gaussian","median_positive_pairwise_dissimilarity",2,"sensitivity",9.02375969665064,18.0475193933013,0.893528865993354,0,28.209,0.134
"numeric_high","signal",1,26092100,360,10,2,"ab_no_interaction","gaussian","median_positive_pairwise_dissimilarity",2,"sensitivity",5.14527375361594,10.2905475072319,0.766060711656197,0,3.913,0.139000000000003
"numeric_high","signal",1,26092100,360,10,2,"gower","gaussian","median_positive_pairwise_dissimilarity",2,"sensitivity",0.367194710717298,0.734389421434595,0.426851019166803,0,0.292999999999999,0.137999999999998
"numeric_high","signal",1,26092100,360,10,2,"modified_gower","gaussian","median_positive_pairwise_dissimilarity",2,"sensitivity",0.628994321642873,1.25798864328575,0.49547624721001,0,1.739,0.428000000000004
"numeric_high","signal",1,26092100,360,10,2,"standardized_euclidean_onehot","gaussian","median_positive_pairwise_dissimilarity",2,"sensitivity",5.52290879836931,11.0458175967386,0.597723433117832,0,2.11,0.078000000000003
"categorical_high","signal",1,26092100,360,2,5,"ab_gated","gaussian","median_positive_pairwise_dissimilarity",0.5,"sensitivity",3.83482717985344,1.91741358992672,0.903608745979847,0,38.318,0.0889999999999986
"categorical_high","signal",1,26092100,360,2,5,"ab_no_interaction","gaussian","median_positive_pairwise_dissimilarity",0.5,"sensitivity",2.18695397502842,1.09347698751421,0.50115732833867,0,2.906,0.0869999999999962
"categorical_high","signal",1,26092100,360,2,5,"gower","gaussian","median_positive_pairwise_dissimilarity",0.5,"sensitivity",0.609840624043622,0.304920312021811,-0.0115215500400214,0,0.231999999999999,0.0840000000000032
"categorical_high","signal",1,26092100,360,2,5,"modified_gower","gaussian","median_positive_pairwise_dissimilarity",0.5,"sensitivity",0.56831374110524,0.28415687055262,0.59539651729784,0,0.340000000000003,0.0850000000000009
"categorical_high","signal",1,26092100,360,2,5,"standardized_euclidean_onehot","gaussian","median_positive_pairwise_dissimilarity",0.5,"sensitivity",6.08465891204161,3.04232945602081,-0.00918919819897511,0,0.253999999999998,0.0769999999999982
"categorical_high","signal",1,26092100,360,2,5,"ab_gated","gaussian","median_positive_pairwise_dissimilarity",1,"primary",3.83482717985344,3.83482717985344,0.904856510386762,0,38.318,0.0790000000000006
"categorical_high","signal",1,26092100,360,2,5,"ab_no_interaction","gaussian","median_positive_pairwise_dissimilarity",1,"primary",2.18695397502842,2.18695397502842,0.489885570925104,0,2.906,0.0899999999999963
"categorical_high","signal",1,26092100,360,2,5,"gower","gaussian","median_positive_pairwise_dissimilarity",1,"primary",0.609840624043622,0.609840624043622,0.174154918629834,0,0.231999999999999,0.0859999999999985
"categorical_high","signal",1,26092100,360,2,5,"modified_gower","gaussian","median_positive_pairwise_dissimilarity",1,"primary",0.56831374110524,0.56831374110524,0.628660677736719,0,0.340000000000003,0.0799999999999983
"categorical_high","signal",1,26092100,360,2,5,"standardized_euclidean_onehot","gaussian","median_positive_pairwise_dissimilarity",1,"primary",6.08465891204161,6.08465891204161,0.177575299682044,0,0.253999999999998,0.0769999999999982
"categorical_high","signal",1,26092100,360,2,5,"ab_gated","gaussian","median_positive_pairwise_dissimilarity",2,"sensitivity",3.83482717985344,7.66965435970688,0.904856510386762,0,38.318,0.0790000000000006
"categorical_high","signal",1,26092100,360,2,5,"ab_no_interaction","gaussian","median_positive_pairwise_dissimilarity",2,"sensitivity",2.18695397502842,4.37390795005684,0.355736499192864,0,2.906,0.0949999999999989
"categorical_high","signal",1,26092100,360,2,5,"gower","gaussian","median_positive_pairwise_dissimilarity",2,"sensitivity",0.609840624043622,1.21968124808724,0.313624212878283,0,0.231999999999999,0.0810000000000031
"categorical_high","signal",1,26092100,360,2,5,"modified_gower","gaussian","median_positive_pairwise_dissimilarity",2,"sensitivity",0.56831374110524,1.13662748221048,0.631785707186231,0,0.340000000000003,0.0889999999999986
"categorical_high","signal",1,26092100,360,2,5,"standardized_euclidean_onehot","gaussian","median_positive_pairwise_dissimilarity",2,"sensitivity",6.08465891204161,12.1693178240832,0.155089321611173,0,0.253999999999998,0.0770000000000053
"joint_high","signal",1,26092100,360,10,5,"ab_gated","gaussian","median_positive_pairwise_dissimilarity",0.5,"sensitivity",9.02375969665064,4.51187984832532,0.903920849979541,0,38.791,0.241
"joint_high","signal",1,26092100,360,10,5,"ab_no_interaction","gaussian","median_positive_pairwise_dissimilarity",0.5,"sensitivity",5.14527375361594,2.57263687680797,0.556321174240815,0,4.31,0.0830000000000055
"joint_high","signal",1,26092100,360,10,5,"gower","gaussian","median_positive_pairwise_dissimilarity",0.5,"sensitivity",0.427404683555112,0.213702341777556,0.631168547126255,0,0.0719999999999956,0.0760000000000005
"joint_high","signal",1,26092100,360,10,5,"modified_gower","gaussian","median_positive_pairwise_dissimilarity",0.5,"sensitivity",0.628274584880407,0.314137292440203,0.503935294380407,0,0.515000000000001,0.0690000000000026
"joint_high","signal",1,26092100,360,10,5,"standardized_euclidean_onehot","gaussian","median_positive_pairwise_dissimilarity",0.5,"sensitivity",7.00194281248845,3.50097140624423,0.577773167902223,0,0.343000000000004,0.0720000000000027
"joint_high","signal",1,26092100,360,10,5,"ab_gated","gaussian","median_positive_pairwise_dissimilarity",1,"primary",9.02375969665064,9.02375969665064,0.815862708283804,0,38.791,0.0899999999999963
"joint_high","signal",1,26092100,360,10,5,"ab_no_interaction","gaussian","median_positive_pairwise_dissimilarity",1,"primary",5.14527375361594,5.14527375361594,0.689123954419064,0,4.31,0.0739999999999981
"joint_high","signal",1,26092100,360,10,5,"gower","gaussian","median_positive_pairwise_dissimilarity",1,"primary",0.427404683555112,0.427404683555112,0.626084201125925,0,0.0719999999999956,0.080999999999996
"joint_high","signal",1,26092100,360,10,5,"modified_gower","gaussian","median_positive_pairwise_dissimilarity",1,"primary",0.628274584880407,0.628274584880407,0.515090733883367,0,0.515000000000001,0.0760000000000005
"joint_high","signal",1,26092100,360,10,5,"standardized_euclidean_onehot","gaussian","median_positive_pairwise_dissimilarity",1,"primary",7.00194281248845,7.00194281248845,0.50368104785829,0,0.343000000000004,0.220999999999997
"joint_high","signal",1,26092100,360,10,5,"ab_gated","gaussian","median_positive_pairwise_dissimilarity",2,"sensitivity",9.02375969665064,18.0475193933013,0.893528865993354,0,38.791,0.0850000000000009
"joint_high","signal",1,26092100,360,10,5,"ab_no_interaction","gaussian","median_positive_pairwise_dissimilarity",2,"sensitivity",5.14527375361594,10.2905475072319,0.766060711656197,0,4.31,0.0840000000000032
"joint_high","signal",1,26092100,360,10,5,"gower","gaussian","median_positive_pairwise_dissimilarity",2,"sensitivity",0.427404683555112,0.854809367110223,0.628189401767571,0,0.0719999999999956,0.0750000000000028
"joint_high","signal",1,26092100,360,10,5,"modified_gower","gaussian","median_positive_pairwise_dissimilarity",2,"sensitivity",0.628274584880407,1.25654916976081,0.492311071320258,0,0.515000000000001,0.0730000000000004
"joint_high","signal",1,26092100,360,10,5,"standardized_euclidean_onehot","gaussian","median_positive_pairwise_dissimilarity",2,"sensitivity",7.00194281248845,14.0038856249769,0.548241422881199,0,0.343000000000004,0.0740000000000052
