"diagnostic_key","variable","statistic","p_value","detected","permutations","alpha","seed"
"interaction_moons_1_nn0.05","band",1,0.01,TRUE,99,0.01,20272023
"interaction_moons_1_nn0.05","nuisance",0.1,0.65,FALSE,99,0.01,20272023
"interaction_moons_1_nn0.10","band",1,0.01,TRUE,99,0.01,20272028
"interaction_moons_1_nn0.10","nuisance",0,1,FALSE,99,0.01,20272028
"interaction_moons_1_nn0.20","band",0.983333333333333,0.01,TRUE,99,0.01,20272038
"interaction_moons_1_nn0.20","nuisance",0,1,FALSE,99,0.01,20272038
"null_interaction_1_nn0.05","band",0.0333333333333334,0.88,FALSE,99,0.01,20273023
"null_interaction_1_nn0.05","nuisance",0.0833333333333335,0.74,FALSE,99,0.01,20273023
"null_interaction_1_nn0.10","band",0,1,FALSE,99,0.01,20273028
"null_interaction_1_nn0.10","nuisance",0,1,FALSE,99,0.01,20273028
"null_interaction_1_nn0.20","band",0,1,FALSE,99,0.01,20273038
"null_interaction_1_nn0.20","nuisance",0,1,FALSE,99,0.01,20273038
"marginal_signal_control_1_nn0.05","CatSig_1",0.982456140350877,0.01,TRUE,99,0.01,20274023
"marginal_signal_control_1_nn0.05","CatSig_2",0.804188829787234,0.01,TRUE,99,0.01,20274023
"marginal_signal_control_1_nn0.05","CatSig_3",1,0.01,TRUE,99,0.01,20274023
"marginal_signal_control_1_nn0.05","CatNoise_1",0.222222222222222,0.48,FALSE,99,0.01,20274023
"marginal_signal_control_1_nn0.05","CatNoise_2",0.125541125541126,0.97,FALSE,99,0.01,20274023
"marginal_signal_control_1_nn0.10","CatSig_1",0.982456140350877,0.01,TRUE,99,0.01,20274028
"marginal_signal_control_1_nn0.10","CatSig_2",0.814162234042553,0.01,TRUE,99,0.01,20274028
"marginal_signal_control_1_nn0.10","CatSig_3",1,0.01,TRUE,99,0.01,20274028
"marginal_signal_control_1_nn0.10","CatNoise_1",0.116625310173697,0.91,FALSE,99,0.01,20274028
"marginal_signal_control_1_nn0.10","CatNoise_2",0.0211038961038961,1,FALSE,99,0.01,20274028
"marginal_signal_control_1_nn0.20","CatSig_1",0.982456140350877,0.01,TRUE,99,0.01,20274038
"marginal_signal_control_1_nn0.20","CatSig_2",0.829787234042553,0.01,TRUE,99,0.01,20274038
"marginal_signal_control_1_nn0.20","CatSig_3",1,0.01,TRUE,99,0.01,20274038
"marginal_signal_control_1_nn0.20","CatNoise_1",0.155925155925156,0.74,FALSE,99,0.01,20274038
"marginal_signal_control_1_nn0.20","CatNoise_2",0.0387700534759359,1,FALSE,99,0.01,20274038
"interaction_moons_2_nn0.05","band",1,0.01,TRUE,99,0.01,20272123
"interaction_moons_2_nn0.05","nuisance",0.0833333333333335,0.72,FALSE,99,0.01,20272123
"interaction_moons_2_nn0.10","band",1,0.01,TRUE,99,0.01,20272128
"interaction_moons_2_nn0.10","nuisance",0,1,FALSE,99,0.01,20272128
"interaction_moons_2_nn0.20","band",1,0.01,TRUE,99,0.01,20272138
"interaction_moons_2_nn0.20","nuisance",0,1,FALSE,99,0.01,20272138
"null_interaction_2_nn0.05","band",0.133333333333333,0.53,FALSE,99,0.01,20273123
"null_interaction_2_nn0.05","nuisance",0,1,FALSE,99,0.01,20273123
"null_interaction_2_nn0.10","band",0,1,FALSE,99,0.01,20273128
"null_interaction_2_nn0.10","nuisance",0.1,0.64,FALSE,99,0.01,20273128
"null_interaction_2_nn0.20","band",0,1,FALSE,99,0.01,20273138
"null_interaction_2_nn0.20","nuisance",0,1,FALSE,99,0.01,20273138
"marginal_signal_control_2_nn0.05","CatSig_1",0.983606557377049,0.01,TRUE,99,0.01,20274123
"marginal_signal_control_2_nn0.05","CatSig_2",1,0.01,TRUE,99,0.01,20274123
"marginal_signal_control_2_nn0.05","CatSig_3",0.977777777777778,0.01,TRUE,99,0.01,20274123
"marginal_signal_control_2_nn0.05","CatNoise_1",0.126282051282051,0.96,FALSE,99,0.01,20274123
"marginal_signal_control_2_nn0.05","CatNoise_2",0.207692307692308,0.72,FALSE,99,0.01,20274123
"marginal_signal_control_2_nn0.10","CatSig_1",0.983606557377049,0.01,TRUE,99,0.01,20274128
"marginal_signal_control_2_nn0.10","CatSig_2",1,0.01,TRUE,99,0.01,20274128
"marginal_signal_control_2_nn0.10","CatSig_3",0.986666666666667,0.01,TRUE,99,0.01,20274128
"marginal_signal_control_2_nn0.10","CatNoise_1",0.0238095238095237,1,FALSE,99,0.01,20274128
"marginal_signal_control_2_nn0.10","CatNoise_2",0.153846153846154,0.81,FALSE,99,0.01,20274128
"marginal_signal_control_2_nn0.20","CatSig_1",0.983606557377049,0.01,TRUE,99,0.01,20274138
"marginal_signal_control_2_nn0.20","CatSig_2",1,0.01,TRUE,99,0.01,20274138
"marginal_signal_control_2_nn0.20","CatSig_3",0.977777777777778,0.01,TRUE,99,0.01,20274138
"marginal_signal_control_2_nn0.20","CatNoise_1",0.0358974358974358,0.99,FALSE,99,0.01,20274138
"marginal_signal_control_2_nn0.20","CatNoise_2",0.251612903225807,0.32,FALSE,99,0.01,20274138
"interaction_moons_3_nn0.05","band",1,0.01,TRUE,99,0.01,20272223
"interaction_moons_3_nn0.05","nuisance",0,1,FALSE,99,0.01,20272223
"interaction_moons_3_nn0.10","band",1,0.01,TRUE,99,0.01,20272228
"interaction_moons_3_nn0.10","nuisance",0,1,FALSE,99,0.01,20272228
"interaction_moons_3_nn0.20","band",1,0.01,TRUE,99,0.01,20272238
"interaction_moons_3_nn0.20","nuisance",0.0666666666666667,0.83,FALSE,99,0.01,20272238
"null_interaction_3_nn0.05","band",0.15,0.39,FALSE,99,0.01,20273223
"null_interaction_3_nn0.05","nuisance",0,1,FALSE,99,0.01,20273223
"null_interaction_3_nn0.10","band",0.05,0.8,FALSE,99,0.01,20273228
"null_interaction_3_nn0.10","nuisance",0,1,FALSE,99,0.01,20273228
"null_interaction_3_nn0.20","band",0,1,FALSE,99,0.01,20273238
"null_interaction_3_nn0.20","nuisance",0,1,FALSE,99,0.01,20273238
"marginal_signal_control_3_nn0.05","CatSig_1",1,0.01,TRUE,99,0.01,20274223
"marginal_signal_control_3_nn0.05","CatSig_2",1,0.01,TRUE,99,0.01,20274223
"marginal_signal_control_3_nn0.05","CatSig_3",1,0.01,TRUE,99,0.01,20274223
"marginal_signal_control_3_nn0.05","CatNoise_1",0.397058823529412,0.14,FALSE,99,0.01,20274223
"marginal_signal_control_3_nn0.05","CatNoise_2",0.068840579710145,1,FALSE,99,0.01,20274223
"marginal_signal_control_3_nn0.10","CatSig_1",1,0.01,TRUE,99,0.01,20274228
"marginal_signal_control_3_nn0.10","CatSig_2",1,0.01,TRUE,99,0.01,20274228
"marginal_signal_control_3_nn0.10","CatSig_3",1,0.01,TRUE,99,0.01,20274228
"marginal_signal_control_3_nn0.10","CatNoise_1",0.283347141673571,0.3,FALSE,99,0.01,20274228
"marginal_signal_control_3_nn0.10","CatNoise_2",0.0428571428571429,0.99,FALSE,99,0.01,20274228
"marginal_signal_control_3_nn0.20","CatSig_1",1,0.01,TRUE,99,0.01,20274238
"marginal_signal_control_3_nn0.20","CatSig_2",1,0.01,TRUE,99,0.01,20274238
"marginal_signal_control_3_nn0.20","CatSig_3",1,0.01,TRUE,99,0.01,20274238
"marginal_signal_control_3_nn0.20","CatNoise_1",0.207953603976802,0.57,FALSE,99,0.01,20274238
"marginal_signal_control_3_nn0.20","CatNoise_2",0,1,FALSE,99,0.01,20274238
"interaction_moons_4_nn0.05","band",1,0.01,TRUE,99,0.01,20272323
"interaction_moons_4_nn0.05","nuisance",0,1,FALSE,99,0.01,20272323
"interaction_moons_4_nn0.10","band",1,0.01,TRUE,99,0.01,20272328
"interaction_moons_4_nn0.10","nuisance",0,1,FALSE,99,0.01,20272328
"interaction_moons_4_nn0.20","band",1,0.01,TRUE,99,0.01,20272338
"interaction_moons_4_nn0.20","nuisance",0,1,FALSE,99,0.01,20272338
"null_interaction_4_nn0.05","band",0.2,0.23,FALSE,99,0.01,20273323
"null_interaction_4_nn0.05","nuisance",0,1,FALSE,99,0.01,20273323
"null_interaction_4_nn0.10","band",0.183333333333333,0.25,FALSE,99,0.01,20273328
"null_interaction_4_nn0.10","nuisance",0,1,FALSE,99,0.01,20273328
"null_interaction_4_nn0.20","band",0.283333333333333,0.03,FALSE,99,0.01,20273338
"null_interaction_4_nn0.20","nuisance",0,1,FALSE,99,0.01,20273338
"marginal_signal_control_4_nn0.05","CatSig_1",1,0.01,TRUE,99,0.01,20274323
"marginal_signal_control_4_nn0.05","CatSig_2",0.991596638655462,0.01,TRUE,99,0.01,20274323
"marginal_signal_control_4_nn0.05","CatSig_3",0.987341772151899,0.01,TRUE,99,0.01,20274323
"marginal_signal_control_4_nn0.05","CatNoise_1",0.0766129032258065,0.99,FALSE,99,0.01,20274323
"marginal_signal_control_4_nn0.05","CatNoise_2",0.372549019607843,0.11,FALSE,99,0.01,20274323
"marginal_signal_control_4_nn0.10","CatSig_1",1,0.01,TRUE,99,0.01,20274328
"marginal_signal_control_4_nn0.10","CatSig_2",0.991596638655462,0.01,TRUE,99,0.01,20274328
"marginal_signal_control_4_nn0.10","CatSig_3",0.987341772151899,0.01,TRUE,99,0.01,20274328
"marginal_signal_control_4_nn0.10","CatNoise_1",0.1375,0.96,FALSE,99,0.01,20274328
"marginal_signal_control_4_nn0.10","CatNoise_2",0.332679738562092,0.28,FALSE,99,0.01,20274328
"marginal_signal_control_4_nn0.20","CatSig_1",1,0.01,TRUE,99,0.01,20274338
"marginal_signal_control_4_nn0.20","CatSig_2",0.991596638655462,0.01,TRUE,99,0.01,20274338
"marginal_signal_control_4_nn0.20","CatSig_3",0.987341772151899,0.01,TRUE,99,0.01,20274338
"marginal_signal_control_4_nn0.20","CatNoise_1",0.0583126550868487,0.99,FALSE,99,0.01,20274338
"marginal_signal_control_4_nn0.20","CatNoise_2",0.296078431372549,0.22,FALSE,99,0.01,20274338
"interaction_moons_5_nn0.05","band",1,0.01,TRUE,99,0.01,20272423
"interaction_moons_5_nn0.05","nuisance",0,1,FALSE,99,0.01,20272423
"interaction_moons_5_nn0.10","band",1,0.01,TRUE,99,0.01,20272428
"interaction_moons_5_nn0.10","nuisance",0,1,FALSE,99,0.01,20272428
"interaction_moons_5_nn0.20","band",1,0.01,TRUE,99,0.01,20272438
"interaction_moons_5_nn0.20","nuisance",0,1,FALSE,99,0.01,20272438
"null_interaction_5_nn0.05","band",0,1,FALSE,99,0.01,20273423
"null_interaction_5_nn0.05","nuisance",0.133333333333333,0.53,FALSE,99,0.01,20273423
"null_interaction_5_nn0.10","band",0.05,0.89,FALSE,99,0.01,20273428
"null_interaction_5_nn0.10","nuisance",0.0833333333333335,0.73,FALSE,99,0.01,20273428
"null_interaction_5_nn0.20","band",0,1,FALSE,99,0.01,20273438
"null_interaction_5_nn0.20","nuisance",0.133333333333333,0.41,FALSE,99,0.01,20273438
"marginal_signal_control_5_nn0.05","CatSig_1",1,0.01,TRUE,99,0.01,20274423
"marginal_signal_control_5_nn0.05","CatSig_2",0.986842105263158,0.01,TRUE,99,0.01,20274423
"marginal_signal_control_5_nn0.05","CatSig_3",1,0.01,TRUE,99,0.01,20274423
"marginal_signal_control_5_nn0.05","CatNoise_1",0,1,FALSE,99,0.01,20274423
"marginal_signal_control_5_nn0.05","CatNoise_2",0.0285067873303166,1,FALSE,99,0.01,20274423
"marginal_signal_control_5_nn0.10","CatSig_1",1,0.01,TRUE,99,0.01,20274428
"marginal_signal_control_5_nn0.10","CatSig_2",1,0.01,TRUE,99,0.01,20274428
"marginal_signal_control_5_nn0.10","CatSig_3",1,0.01,TRUE,99,0.01,20274428
"marginal_signal_control_5_nn0.10","CatNoise_1",0,1,FALSE,99,0.01,20274428
"marginal_signal_control_5_nn0.10","CatNoise_2",0.111538461538462,0.94,FALSE,99,0.01,20274428
"marginal_signal_control_5_nn0.20","CatSig_1",1,0.01,TRUE,99,0.01,20274438
"marginal_signal_control_5_nn0.20","CatSig_2",0.973684210526316,0.01,TRUE,99,0.01,20274438
"marginal_signal_control_5_nn0.20","CatSig_3",1,0.01,TRUE,99,0.01,20274438
"marginal_signal_control_5_nn0.20","CatNoise_1",0.0119047619047619,1,FALSE,99,0.01,20274438
"marginal_signal_control_5_nn0.20","CatNoise_2",0.0192307692307692,0.99,FALSE,99,0.01,20274438
"interaction_moons_6_nn0.05","band",1,0.01,TRUE,99,0.01,20272523
"interaction_moons_6_nn0.05","nuisance",0.233333333333333,0.14,FALSE,99,0.01,20272523
"interaction_moons_6_nn0.10","band",1,0.01,TRUE,99,0.01,20272528
"interaction_moons_6_nn0.10","nuisance",0,1,FALSE,99,0.01,20272528
"interaction_moons_6_nn0.20","band",0.983333333333333,0.01,TRUE,99,0.01,20272538
"interaction_moons_6_nn0.20","nuisance",0.0166666666666666,0.9,FALSE,99,0.01,20272538
"null_interaction_6_nn0.05","band",0.0833333333333335,0.75,FALSE,99,0.01,20273523
"null_interaction_6_nn0.05","nuisance",0,1,FALSE,99,0.01,20273523
"null_interaction_6_nn0.10","band",0.166666666666667,0.33,FALSE,99,0.01,20273528
"null_interaction_6_nn0.10","nuisance",0.0833333333333335,0.83,FALSE,99,0.01,20273528
"null_interaction_6_nn0.20","band",0.0166666666666666,0.92,FALSE,99,0.01,20273538
"null_interaction_6_nn0.20","nuisance",0.116666666666667,0.54,FALSE,99,0.01,20273538
"marginal_signal_control_6_nn0.05","CatSig_1",0.306692913385827,0.5,FALSE,99,0.01,20274523
"marginal_signal_control_6_nn0.05","CatSig_2",1,0.01,TRUE,99,0.01,20274523
"marginal_signal_control_6_nn0.05","CatSig_3",1,0.01,TRUE,99,0.01,20274523
"marginal_signal_control_6_nn0.05","CatNoise_1",0.292727272727273,0.57,FALSE,99,0.01,20274523
"marginal_signal_control_6_nn0.05","CatNoise_2",0,1,FALSE,99,0.01,20274523
"marginal_signal_control_6_nn0.10","CatSig_1",0.240944881889764,0.62,FALSE,99,0.01,20274528
"marginal_signal_control_6_nn0.10","CatSig_2",1,0.01,TRUE,99,0.01,20274528
"marginal_signal_control_6_nn0.10","CatSig_3",1,0.01,TRUE,99,0.01,20274528
"marginal_signal_control_6_nn0.10","CatNoise_1",0.233333333333333,0.68,FALSE,99,0.01,20274528
"marginal_signal_control_6_nn0.10","CatNoise_2",0.0505050505050506,1,FALSE,99,0.01,20274528
"marginal_signal_control_6_nn0.20","CatSig_1",0.425196850393701,0.11,FALSE,99,0.01,20274538
"marginal_signal_control_6_nn0.20","CatSig_2",1,0.01,TRUE,99,0.01,20274538
"marginal_signal_control_6_nn0.20","CatSig_3",1,0.01,TRUE,99,0.01,20274538
"marginal_signal_control_6_nn0.20","CatNoise_1",0.183030303030303,0.71,FALSE,99,0.01,20274538
"marginal_signal_control_6_nn0.20","CatNoise_2",0.152958152958153,0.84,FALSE,99,0.01,20274538
"interaction_moons_7_nn0.05","band",1,0.01,TRUE,99,0.01,20272623
"interaction_moons_7_nn0.05","nuisance",0,1,FALSE,99,0.01,20272623
"interaction_moons_7_nn0.10","band",1,0.01,TRUE,99,0.01,20272628
"interaction_moons_7_nn0.10","nuisance",0,1,FALSE,99,0.01,20272628
"interaction_moons_7_nn0.20","band",1,0.01,TRUE,99,0.01,20272638
"interaction_moons_7_nn0.20","nuisance",0,1,FALSE,99,0.01,20272638
"null_interaction_7_nn0.05","band",0,1,FALSE,99,0.01,20273623
"null_interaction_7_nn0.05","nuisance",0.0833333333333335,0.78,FALSE,99,0.01,20273623
"null_interaction_7_nn0.10","band",0.1,0.68,FALSE,99,0.01,20273628
"null_interaction_7_nn0.10","nuisance",0,1,FALSE,99,0.01,20273628
"null_interaction_7_nn0.20","band",0.1,0.67,FALSE,99,0.01,20273638
"null_interaction_7_nn0.20","nuisance",0,1,FALSE,99,0.01,20273638
"marginal_signal_control_7_nn0.05","CatSig_1",1,0.01,TRUE,99,0.01,20274623
"marginal_signal_control_7_nn0.05","CatSig_2",0.977272727272727,0.01,TRUE,99,0.01,20274623
"marginal_signal_control_7_nn0.05","CatSig_3",1,0.01,TRUE,99,0.01,20274623
"marginal_signal_control_7_nn0.05","CatNoise_1",0.239130434782609,0.47,FALSE,99,0.01,20274623
"marginal_signal_control_7_nn0.05","CatNoise_2",0.0882352941176472,0.95,FALSE,99,0.01,20274623
"marginal_signal_control_7_nn0.10","CatSig_1",1,0.01,TRUE,99,0.01,20274628
"marginal_signal_control_7_nn0.10","CatSig_2",0.988636363636364,0.01,TRUE,99,0.01,20274628
"marginal_signal_control_7_nn0.10","CatSig_3",1,0.01,TRUE,99,0.01,20274628
"marginal_signal_control_7_nn0.10","CatNoise_1",0.183757178014766,0.71,FALSE,99,0.01,20274628
"marginal_signal_control_7_nn0.10","CatNoise_2",0.0299102691924227,0.99,FALSE,99,0.01,20274628
"marginal_signal_control_7_nn0.20","CatSig_1",1,0.01,TRUE,99,0.01,20274638
"marginal_signal_control_7_nn0.20","CatSig_2",0.977272727272727,0.01,TRUE,99,0.01,20274638
"marginal_signal_control_7_nn0.20","CatSig_3",0.985714285714286,0.01,TRUE,99,0.01,20274638
"marginal_signal_control_7_nn0.20","CatNoise_1",0.19622641509434,0.72,FALSE,99,0.01,20274638
"marginal_signal_control_7_nn0.20","CatNoise_2",0,1,FALSE,99,0.01,20274638
"interaction_moons_8_nn0.05","band",1,0.01,TRUE,99,0.01,20272723
"interaction_moons_8_nn0.05","nuisance",0.116666666666667,0.6,FALSE,99,0.01,20272723
"interaction_moons_8_nn0.10","band",1,0.01,TRUE,99,0.01,20272728
"interaction_moons_8_nn0.10","nuisance",0.1,0.64,FALSE,99,0.01,20272728
"interaction_moons_8_nn0.20","band",1,0.01,TRUE,99,0.01,20272738
"interaction_moons_8_nn0.20","nuisance",0.0333333333333332,0.87,FALSE,99,0.01,20272738
"null_interaction_8_nn0.05","band",0,1,FALSE,99,0.01,20273723
"null_interaction_8_nn0.05","nuisance",0,1,FALSE,99,0.01,20273723
"null_interaction_8_nn0.10","band",0,1,FALSE,99,0.01,20273728
"null_interaction_8_nn0.10","nuisance",0.0333333333333334,0.9,FALSE,99,0.01,20273728
"null_interaction_8_nn0.20","band",0,1,FALSE,99,0.01,20273738
"null_interaction_8_nn0.20","nuisance",0,1,FALSE,99,0.01,20273738
"marginal_signal_control_8_nn0.05","CatSig_1",1,0.01,TRUE,99,0.01,20274723
"marginal_signal_control_8_nn0.05","CatSig_2",1,0.01,TRUE,99,0.01,20274723
"marginal_signal_control_8_nn0.05","CatSig_3",1,0.01,TRUE,99,0.01,20274723
"marginal_signal_control_8_nn0.05","CatNoise_1",0.107484407484407,0.98,FALSE,99,0.01,20274723
"marginal_signal_control_8_nn0.05","CatNoise_2",0.0492957746478875,0.99,FALSE,99,0.01,20274723
"marginal_signal_control_8_nn0.10","CatSig_1",1,0.01,TRUE,99,0.01,20274728
"marginal_signal_control_8_nn0.10","CatSig_2",1,0.01,TRUE,99,0.01,20274728
"marginal_signal_control_8_nn0.10","CatSig_3",1,0.01,TRUE,99,0.01,20274728
"marginal_signal_control_8_nn0.10","CatNoise_1",0.320638820638821,0.26,FALSE,99,0.01,20274728
"marginal_signal_control_8_nn0.10","CatNoise_2",0.0676056338028168,1,FALSE,99,0.01,20274728
"marginal_signal_control_8_nn0.20","CatSig_1",1,0.01,TRUE,99,0.01,20274738
"marginal_signal_control_8_nn0.20","CatSig_2",1,0.01,TRUE,99,0.01,20274738
"marginal_signal_control_8_nn0.20","CatSig_3",1,0.01,TRUE,99,0.01,20274738
"marginal_signal_control_8_nn0.20","CatNoise_1",0.27511961722488,0.39,FALSE,99,0.01,20274738
"marginal_signal_control_8_nn0.20","CatNoise_2",0,1,FALSE,99,0.01,20274738
