"task_key","experiment","condition","state","replicate","variable","detected_199","adjusted_p_value_199","statistic_199","detected_499","adjusted_p_value_499","statistic_499","decision_changed"
"Simulation_1__reference__null__rep001","Simulation_1","reference","null",1,"band",FALSE,1,0,FALSE,1,0,FALSE
"Simulation_1__reference__null__rep001","Simulation_1","reference","null",1,"nuisance_1",FALSE,0.275,0.141666666666667,FALSE,0.292,0.141666666666667,FALSE
"Simulation_1__reference__null__rep002","Simulation_1","reference","null",2,"band",FALSE,1,0,FALSE,1,0,FALSE
"Simulation_1__reference__null__rep002","Simulation_1","reference","null",2,"nuisance_1",FALSE,1,0,FALSE,1,0,FALSE
"Simulation_1__reference__null__rep003","Simulation_1","reference","null",3,"band",FALSE,0.53,0.111111111111111,FALSE,0.506,0.111111111111111,FALSE
"Simulation_1__reference__null__rep003","Simulation_1","reference","null",3,"nuisance_1",FALSE,1,0,FALSE,1,0,FALSE
"Simulation_1__reference__null__rep004","Simulation_1","reference","null",4,"band",FALSE,0.405,0.123456790123457,FALSE,0.36,0.123456790123457,FALSE
"Simulation_1__reference__null__rep004","Simulation_1","reference","null",4,"nuisance_1",FALSE,1,0,FALSE,1,0,FALSE
"Simulation_1__reference__null__rep005","Simulation_1","reference","null",5,"band",FALSE,0.88,0.0246913580246912,FALSE,0.892,0.0246913580246912,FALSE
"Simulation_1__reference__null__rep005","Simulation_1","reference","null",5,"nuisance_1",FALSE,0.765,0.05,FALSE,0.8,0.05,FALSE
"Simulation_1__reference__signal__rep001","Simulation_1","reference","signal",1,"band",TRUE,0.005,1,TRUE,0.002,1,FALSE
"Simulation_1__reference__signal__rep001","Simulation_1","reference","signal",1,"nuisance_1",FALSE,1,0,FALSE,1,0,FALSE
"Simulation_1__reference__signal__rep002","Simulation_1","reference","signal",2,"band",TRUE,0.005,1,TRUE,0.002,1,FALSE
"Simulation_1__reference__signal__rep002","Simulation_1","reference","signal",2,"nuisance_1",FALSE,0.815,0.05,FALSE,0.822,0.05,FALSE
"Simulation_1__reference__signal__rep003","Simulation_1","reference","signal",3,"band",TRUE,0.005,1,TRUE,0.002,1,FALSE
"Simulation_1__reference__signal__rep003","Simulation_1","reference","signal",3,"nuisance_1",FALSE,1,0,FALSE,1,0,FALSE
"Simulation_1__reference__signal__rep004","Simulation_1","reference","signal",4,"band",TRUE,0.005,0.972222222222222,TRUE,0.002,0.972222222222222,FALSE
"Simulation_1__reference__signal__rep004","Simulation_1","reference","signal",4,"nuisance_1",FALSE,1,0,FALSE,1,0,FALSE
"Simulation_1__reference__signal__rep005","Simulation_1","reference","signal",5,"band",TRUE,0.005,1,TRUE,0.002,1,FALSE
"Simulation_1__reference__signal__rep005","Simulation_1","reference","signal",5,"nuisance_1",FALSE,1,0,FALSE,1,0,FALSE
"Simulation_2__n500__interaction__rep001","Simulation_2","n500","interaction",1,"C1",TRUE,0.005,0.515,TRUE,0.002,0.515,FALSE
"Simulation_2__n500__interaction__rep001","Simulation_2","n500","interaction",1,"C2",TRUE,0.005,0.84,TRUE,0.002,0.84,FALSE
"Simulation_2__n500__interaction__rep001","Simulation_2","n500","interaction",1,"C3",FALSE,0.485,0.0800000000000001,FALSE,0.52,0.0800000000000001,FALSE
"Simulation_2__n500__interaction__rep001","Simulation_2","n500","interaction",1,"C4",FALSE,0.26,0.105,FALSE,0.28,0.105,FALSE
"Simulation_2__n500__interaction__rep002","Simulation_2","n500","interaction",2,"C1",TRUE,0.005,0.56,TRUE,0.002,0.56,FALSE
"Simulation_2__n500__interaction__rep002","Simulation_2","n500","interaction",2,"C2",TRUE,0.005,0.79,TRUE,0.002,0.79,FALSE
"Simulation_2__n500__interaction__rep002","Simulation_2","n500","interaction",2,"C3",FALSE,0.98,0.00499999999999989,FALSE,0.972,0.00499999999999989,FALSE
"Simulation_2__n500__interaction__rep002","Simulation_2","n500","interaction",2,"C4",FALSE,0.445,0.0866666666666667,FALSE,0.398,0.0866666666666667,FALSE
"Simulation_2__n500__interaction__rep003","Simulation_2","n500","interaction",3,"C1",TRUE,0.005,0.595,TRUE,0.002,0.595,FALSE
"Simulation_2__n500__interaction__rep003","Simulation_2","n500","interaction",3,"C2",TRUE,0.005,0.77,TRUE,0.002,0.77,FALSE
"Simulation_2__n500__interaction__rep003","Simulation_2","n500","interaction",3,"C3",FALSE,1,0,FALSE,1,0,FALSE
"Simulation_2__n500__interaction__rep003","Simulation_2","n500","interaction",3,"C4",FALSE,0.54,0.0750000000000002,FALSE,0.508,0.0750000000000002,FALSE
"Simulation_2__n500__interaction__rep004","Simulation_2","n500","interaction",4,"C1",TRUE,0.005,0.595,TRUE,0.002,0.595,FALSE
"Simulation_2__n500__interaction__rep004","Simulation_2","n500","interaction",4,"C2",TRUE,0.005,0.7375,TRUE,0.002,0.7375,FALSE
"Simulation_2__n500__interaction__rep004","Simulation_2","n500","interaction",4,"C3",FALSE,0.425,0.0833333333333333,FALSE,0.452,0.0833333333333333,FALSE
"Simulation_2__n500__interaction__rep004","Simulation_2","n500","interaction",4,"C4",FALSE,0.56,0.0666666666666667,FALSE,0.606,0.0666666666666667,FALSE
"Simulation_2__n500__interaction__rep005","Simulation_2","n500","interaction",5,"C1",TRUE,0.005,0.535,TRUE,0.002,0.535,FALSE
"Simulation_2__n500__interaction__rep005","Simulation_2","n500","interaction",5,"C2",TRUE,0.005,0.81,TRUE,0.002,0.81,FALSE
"Simulation_2__n500__interaction__rep005","Simulation_2","n500","interaction",5,"C3",FALSE,1,0,FALSE,1,0,FALSE
"Simulation_2__n500__interaction__rep005","Simulation_2","n500","interaction",5,"C4",FALSE,1,0,FALSE,1,0,FALSE
"Simulation_3__npg120_profile0-35__aligned__rep001","Simulation_3","npg120_profile0.35","aligned",1,"C1",FALSE,0.89,0.130515387467557,FALSE,0.914,0.130515387467557,FALSE
"Simulation_3__npg120_profile0-35__aligned__rep001","Simulation_3","npg120_profile0.35","aligned",1,"C10",FALSE,0.925,0.12118767646055,FALSE,0.946,0.12118767646055,FALSE
"Simulation_3__npg120_profile0-35__aligned__rep001","Simulation_3","npg120_profile0.35","aligned",1,"C11",FALSE,0.02,0.297247706422018,FALSE,0.02,0.297247706422018,FALSE
"Simulation_3__npg120_profile0-35__aligned__rep001","Simulation_3","npg120_profile0.35","aligned",1,"C12",FALSE,0.04,0.267268445839874,FALSE,0.036,0.267268445839874,FALSE
"Simulation_3__npg120_profile0-35__aligned__rep001","Simulation_3","npg120_profile0.35","aligned",1,"C13",FALSE,0.965,0.106120665438996,FALSE,0.982,0.106120665438996,FALSE
"Simulation_3__npg120_profile0-35__aligned__rep001","Simulation_3","npg120_profile0.35","aligned",1,"C14",FALSE,0.015,0.323737226277372,TRUE,0.008,0.323737226277372,TRUE
"Simulation_3__npg120_profile0-35__aligned__rep001","Simulation_3","npg120_profile0.35","aligned",1,"C15",TRUE,0.005,0.406209292227529,TRUE,0.002,0.406209292227529,FALSE
"Simulation_3__npg120_profile0-35__aligned__rep001","Simulation_3","npg120_profile0.35","aligned",1,"C16",FALSE,0.7,0.15080971659919,FALSE,0.742,0.15080971659919,FALSE
"Simulation_3__npg120_profile0-35__aligned__rep001","Simulation_3","npg120_profile0.35","aligned",1,"C17",FALSE,0.03,0.27950610471132,FALSE,0.026,0.27950610471132,FALSE
"Simulation_3__npg120_profile0-35__aligned__rep001","Simulation_3","npg120_profile0.35","aligned",1,"C18",FALSE,0.02,0.288823529411765,FALSE,0.02,0.288823529411765,FALSE
"Simulation_3__npg120_profile0-35__aligned__rep001","Simulation_3","npg120_profile0.35","aligned",1,"C19",FALSE,0.975,0.10125,FALSE,0.988,0.10125,FALSE
"Simulation_3__npg120_profile0-35__aligned__rep001","Simulation_3","npg120_profile0.35","aligned",1,"C2",FALSE,0.045,0.263154492566257,FALSE,0.042,0.263154492566257,FALSE
"Simulation_3__npg120_profile0-35__aligned__rep001","Simulation_3","npg120_profile0.35","aligned",1,"C20",TRUE,0.005,0.357464647728695,TRUE,0.002,0.357464647728695,FALSE
"Simulation_3__npg120_profile0-35__aligned__rep001","Simulation_3","npg120_profile0.35","aligned",1,"C21",FALSE,0.02,0.28423256256542,FALSE,0.022,0.28423256256542,FALSE
"Simulation_3__npg120_profile0-35__aligned__rep001","Simulation_3","npg120_profile0.35","aligned",1,"C22",FALSE,0.255,0.200152983171851,FALSE,0.272,0.200152983171851,FALSE
"Simulation_3__npg120_profile0-35__aligned__rep001","Simulation_3","npg120_profile0.35","aligned",1,"C23",FALSE,0.055,0.244409937888199,FALSE,0.078,0.244409937888199,FALSE
"Simulation_3__npg120_profile0-35__aligned__rep001","Simulation_3","npg120_profile0.35","aligned",1,"C24",FALSE,0.905,0.125252525252525,FALSE,0.934,0.125252525252525,FALSE
"Simulation_3__npg120_profile0-35__aligned__rep001","Simulation_3","npg120_profile0.35","aligned",1,"C3",FALSE,0.02,0.303030303030303,FALSE,0.016,0.303030303030303,FALSE
"Simulation_3__npg120_profile0-35__aligned__rep001","Simulation_3","npg120_profile0.35","aligned",1,"C4",FALSE,0.89,0.130906128587542,FALSE,0.908,0.130906128587542,FALSE
"Simulation_3__npg120_profile0-35__aligned__rep001","Simulation_3","npg120_profile0.35","aligned",1,"C5",FALSE,0.035,0.270991847826087,FALSE,0.03,0.270991847826087,FALSE
"Simulation_3__npg120_profile0-35__aligned__rep001","Simulation_3","npg120_profile0.35","aligned",1,"C6",FALSE,0.045,0.266336818521284,FALSE,0.038,0.266336818521284,FALSE
"Simulation_3__npg120_profile0-35__aligned__rep001","Simulation_3","npg120_profile0.35","aligned",1,"C7",FALSE,0.96,0.113839285714286,FALSE,0.97,0.113839285714286,FALSE
"Simulation_3__npg120_profile0-35__aligned__rep001","Simulation_3","npg120_profile0.35","aligned",1,"C8",FALSE,0.035,0.272344773697181,FALSE,0.03,0.272344773697181,FALSE
"Simulation_3__npg120_profile0-35__aligned__rep001","Simulation_3","npg120_profile0.35","aligned",1,"C9",FALSE,0.015,0.320625610948192,TRUE,0.008,0.320625610948192,TRUE
"Simulation_3__npg120_profile0-35__aligned__rep002","Simulation_3","npg120_profile0.35","aligned",2,"C1",FALSE,0.83,0.136123680241327,FALSE,0.834,0.136123680241327,FALSE
"Simulation_3__npg120_profile0-35__aligned__rep002","Simulation_3","npg120_profile0.35","aligned",2,"C10",FALSE,1,0.0457697642163661,FALSE,1,0.0457697642163661,FALSE
"Simulation_3__npg120_profile0-35__aligned__rep002","Simulation_3","npg120_profile0.35","aligned",2,"C11",FALSE,0.07,0.240527411519778,FALSE,0.076,0.240527411519778,FALSE
"Simulation_3__npg120_profile0-35__aligned__rep002","Simulation_3","npg120_profile0.35","aligned",2,"C12",TRUE,0.01,0.335387718511878,TRUE,0.008,0.335387718511878,FALSE
"Simulation_3__npg120_profile0-35__aligned__rep002","Simulation_3","npg120_profile0.35","aligned",2,"C13",FALSE,0.685,0.155990159135499,FALSE,0.696,0.155990159135499,FALSE
"Simulation_3__npg120_profile0-35__aligned__rep002","Simulation_3","npg120_profile0.35","aligned",2,"C14",FALSE,0.175,0.217671809256662,FALSE,0.17,0.217671809256662,FALSE
"Simulation_3__npg120_profile0-35__aligned__rep002","Simulation_3","npg120_profile0.35","aligned",2,"C15",FALSE,0.015,0.32780612244898,TRUE,0.01,0.32780612244898,TRUE
"Simulation_3__npg120_profile0-35__aligned__rep002","Simulation_3","npg120_profile0.35","aligned",2,"C16",FALSE,1,0.0648653827728274,FALSE,1,0.0648653827728274,FALSE
"Simulation_3__npg120_profile0-35__aligned__rep002","Simulation_3","npg120_profile0.35","aligned",2,"C17",TRUE,0.01,0.349521002210759,TRUE,0.006,0.349521002210759,FALSE
"Simulation_3__npg120_profile0-35__aligned__rep002","Simulation_3","npg120_profile0.35","aligned",2,"C18",FALSE,0.035,0.25456301303718,FALSE,0.04,0.25456301303718,FALSE
"Simulation_3__npg120_profile0-35__aligned__rep002","Simulation_3","npg120_profile0.35","aligned",2,"C19",FALSE,0.89,0.124942041977064,FALSE,0.904,0.124942041977064,FALSE
"Simulation_3__npg120_profile0-35__aligned__rep002","Simulation_3","npg120_profile0.35","aligned",2,"C2",FALSE,0.175,0.219035829722853,FALSE,0.166,0.219035829722853,FALSE
"Simulation_3__npg120_profile0-35__aligned__rep002","Simulation_3","npg120_profile0.35","aligned",2,"C20",FALSE,0.175,0.218383311603651,FALSE,0.166,0.218383311603651,FALSE
"Simulation_3__npg120_profile0-35__aligned__rep002","Simulation_3","npg120_profile0.35","aligned",2,"C21",FALSE,0.02,0.277552459883618,FALSE,0.024,0.277552459883618,FALSE
"Simulation_3__npg120_profile0-35__aligned__rep002","Simulation_3","npg120_profile0.35","aligned",2,"C22",FALSE,0.975,0.107562192137303,FALSE,0.968,0.107562192137303,FALSE
"Simulation_3__npg120_profile0-35__aligned__rep002","Simulation_3","npg120_profile0.35","aligned",2,"C23",FALSE,0.015,0.327864406779661,TRUE,0.01,0.327864406779661,TRUE
"Simulation_3__npg120_profile0-35__aligned__rep002","Simulation_3","npg120_profile0.35","aligned",2,"C24",FALSE,0.215,0.210881835847136,FALSE,0.21,0.210881835847136,FALSE
"Simulation_3__npg120_profile0-35__aligned__rep002","Simulation_3","npg120_profile0.35","aligned",2,"C3",FALSE,0.015,0.288066701406983,FALSE,0.014,0.288066701406983,FALSE
"Simulation_3__npg120_profile0-35__aligned__rep002","Simulation_3","npg120_profile0.35","aligned",2,"C4",FALSE,1,0.0827316390470436,FALSE,0.998,0.0827316390470436,FALSE
"Simulation_3__npg120_profile0-35__aligned__rep002","Simulation_3","npg120_profile0.35","aligned",2,"C5",TRUE,0.01,0.340494021810537,TRUE,0.006,0.340494021810537,FALSE
"Simulation_3__npg120_profile0-35__aligned__rep002","Simulation_3","npg120_profile0.35","aligned",2,"C6",FALSE,0.735,0.147213690215007,FALSE,0.754,0.147213690215007,FALSE
"Simulation_3__npg120_profile0-35__aligned__rep002","Simulation_3","npg120_profile0.35","aligned",2,"C7",FALSE,0.875,0.129464285714286,FALSE,0.88,0.129464285714286,FALSE
"Simulation_3__npg120_profile0-35__aligned__rep002","Simulation_3","npg120_profile0.35","aligned",2,"C8",FALSE,0.445,0.179930303676837,FALSE,0.456,0.179930303676837,FALSE
"Simulation_3__npg120_profile0-35__aligned__rep002","Simulation_3","npg120_profile0.35","aligned",2,"C9",FALSE,0.035,0.261377488825681,FALSE,0.04,0.261377488825681,FALSE
"Simulation_3__npg120_profile0-35__aligned__rep003","Simulation_3","npg120_profile0.35","aligned",3,"C1",FALSE,1,0.0063690230995912,FALSE,1,0.0063690230995912,FALSE
"Simulation_3__npg120_profile0-35__aligned__rep003","Simulation_3","npg120_profile0.35","aligned",3,"C10",FALSE,0.535,0.168383028613074,FALSE,0.534,0.168383028613074,FALSE
"Simulation_3__npg120_profile0-35__aligned__rep003","Simulation_3","npg120_profile0.35","aligned",3,"C11",FALSE,0.045,0.277754415475189,FALSE,0.028,0.277754415475189,FALSE
"Simulation_3__npg120_profile0-35__aligned__rep003","Simulation_3","npg120_profile0.35","aligned",3,"C12",TRUE,0.005,0.351340206185567,TRUE,0.002,0.351340206185567,FALSE
"Simulation_3__npg120_profile0-35__aligned__rep003","Simulation_3","npg120_profile0.35","aligned",3,"C13",FALSE,1,0.09125,FALSE,0.998,0.09125,FALSE
"Simulation_3__npg120_profile0-35__aligned__rep003","Simulation_3","npg120_profile0.35","aligned",3,"C14",TRUE,0.005,0.315789473684211,TRUE,0.004,0.315789473684211,FALSE
"Simulation_3__npg120_profile0-35__aligned__rep003","Simulation_3","npg120_profile0.35","aligned",3,"C15",TRUE,0.005,0.352346083437711,TRUE,0.002,0.352346083437711,FALSE
"Simulation_3__npg120_profile0-35__aligned__rep003","Simulation_3","npg120_profile0.35","aligned",3,"C16",FALSE,1,0.00336700336700346,FALSE,1,0.00336700336700346,FALSE
"Simulation_3__npg120_profile0-35__aligned__rep003","Simulation_3","npg120_profile0.35","aligned",3,"C17",TRUE,0.01,0.309858124908585,TRUE,0.006,0.309858124908585,FALSE
"Simulation_3__npg120_profile0-35__aligned__rep003","Simulation_3","npg120_profile0.35","aligned",3,"C18",TRUE,0.005,0.369281045751634,TRUE,0.002,0.369281045751634,FALSE
"Simulation_3__npg120_profile0-35__aligned__rep003","Simulation_3","npg120_profile0.35","aligned",3,"C19",FALSE,1,0.0452488687782804,FALSE,1,0.0452488687782804,FALSE
"Simulation_3__npg120_profile0-35__aligned__rep003","Simulation_3","npg120_profile0.35","aligned",3,"C2",TRUE,0.005,0.380978865406007,TRUE,0.002,0.380978865406007,FALSE
"Simulation_3__npg120_profile0-35__aligned__rep003","Simulation_3","npg120_profile0.35","aligned",3,"C20",FALSE,0.15,0.225452343099402,FALSE,0.118,0.225452343099402,FALSE
"Simulation_3__npg120_profile0-35__aligned__rep003","Simulation_3","npg120_profile0.35","aligned",3,"C21",FALSE,0.045,0.279608877169853,FALSE,0.024,0.279608877169853,FALSE
"Simulation_3__npg120_profile0-35__aligned__rep003","Simulation_3","npg120_profile0.35","aligned",3,"C22",FALSE,0.285,0.19212962962963,FALSE,0.306,0.19212962962963,FALSE
"Simulation_3__npg120_profile0-35__aligned__rep003","Simulation_3","npg120_profile0.35","aligned",3,"C23",FALSE,0.08,0.253168287651046,FALSE,0.048,0.253168287651046,FALSE
"Simulation_3__npg120_profile0-35__aligned__rep003","Simulation_3","npg120_profile0.35","aligned",3,"C24",FALSE,0.04,0.288659793814433,FALSE,0.02,0.288659793814433,FALSE
"Simulation_3__npg120_profile0-35__aligned__rep003","Simulation_3","npg120_profile0.35","aligned",3,"C3",TRUE,0.005,0.362307692307692,TRUE,0.002,0.362307692307692,FALSE
"Simulation_3__npg120_profile0-35__aligned__rep003","Simulation_3","npg120_profile0.35","aligned",3,"C4",FALSE,0.965,0.116550116550117,FALSE,0.958,0.116550116550117,FALSE
"Simulation_3__npg120_profile0-35__aligned__rep003","Simulation_3","npg120_profile0.35","aligned",3,"C5",TRUE,0.005,0.362556561085973,TRUE,0.002,0.362556561085973,FALSE
"Simulation_3__npg120_profile0-35__aligned__rep003","Simulation_3","npg120_profile0.35","aligned",3,"C6",TRUE,0.005,0.331276595744681,TRUE,0.002,0.331276595744681,FALSE
"Simulation_3__npg120_profile0-35__aligned__rep003","Simulation_3","npg120_profile0.35","aligned",3,"C7",FALSE,1,0.0131153895852176,FALSE,1,0.0131153895852176,FALSE
"Simulation_3__npg120_profile0-35__aligned__rep003","Simulation_3","npg120_profile0.35","aligned",3,"C8",FALSE,0.045,0.281512605042017,FALSE,0.022,0.281512605042017,FALSE
"Simulation_3__npg120_profile0-35__aligned__rep003","Simulation_3","npg120_profile0.35","aligned",3,"C9",FALSE,0.565,0.165811965811966,FALSE,0.564,0.165811965811966,FALSE
"Simulation_3__npg120_profile0-35__aligned__rep004","Simulation_3","npg120_profile0.35","aligned",4,"C1",FALSE,0.54,0.172028319463421,FALSE,0.546,0.172028319463421,FALSE
"Simulation_3__npg120_profile0-35__aligned__rep004","Simulation_3","npg120_profile0.35","aligned",4,"C10",FALSE,1,0,FALSE,1,0,FALSE
"Simulation_3__npg120_profile0-35__aligned__rep004","Simulation_3","npg120_profile0.35","aligned",4,"C11",FALSE,0.1,0.239585450111766,FALSE,0.092,0.239585450111766,FALSE
"Simulation_3__npg120_profile0-35__aligned__rep004","Simulation_3","npg120_profile0.35","aligned",4,"C12",FALSE,0.125,0.231884057971014,FALSE,0.112,0.231884057971014,FALSE
"Simulation_3__npg120_profile0-35__aligned__rep004","Simulation_3","npg120_profile0.35","aligned",4,"C13",FALSE,0.27,0.204695068935536,FALSE,0.266,0.204695068935536,FALSE
"Simulation_3__npg120_profile0-35__aligned__rep004","Simulation_3","npg120_profile0.35","aligned",4,"C14",FALSE,0.015,0.304662004662005,FALSE,0.014,0.304662004662005,FALSE
"Simulation_3__npg120_profile0-35__aligned__rep004","Simulation_3","npg120_profile0.35","aligned",4,"C15",TRUE,0.005,0.355769230769231,TRUE,0.002,0.355769230769231,FALSE
"Simulation_3__npg120_profile0-35__aligned__rep004","Simulation_3","npg120_profile0.35","aligned",4,"C16",FALSE,0.52,0.173831070889894,FALSE,0.53,0.173831070889894,FALSE
"Simulation_3__npg120_profile0-35__aligned__rep004","Simulation_3","npg120_profile0.35","aligned",4,"C17",FALSE,0.18,0.223648648648649,FALSE,0.148,0.223648648648649,FALSE
"Simulation_3__npg120_profile0-35__aligned__rep004","Simulation_3","npg120_profile0.35","aligned",4,"C18",TRUE,0.01,0.314285714285714,FALSE,0.012,0.314285714285714,TRUE
"Simulation_3__npg120_profile0-35__aligned__rep004","Simulation_3","npg120_profile0.35","aligned",4,"C19",FALSE,0.985,0.110955710955711,FALSE,0.97,0.110955710955711,FALSE
"Simulation_3__npg120_profile0-35__aligned__rep004","Simulation_3","npg120_profile0.35","aligned",4,"C2",FALSE,0.45,0.17972972972973,FALSE,0.476,0.17972972972973,FALSE
"Simulation_3__npg120_profile0-35__aligned__rep004","Simulation_3","npg120_profile0.35","aligned",4,"C20",FALSE,0.805,0.147826086956522,FALSE,0.796,0.147826086956522,FALSE
"Simulation_3__npg120_profile0-35__aligned__rep004","Simulation_3","npg120_profile0.35","aligned",4,"C21",FALSE,0.025,0.287509520182788,FALSE,0.022,0.287509520182788,FALSE
"Simulation_3__npg120_profile0-35__aligned__rep004","Simulation_3","npg120_profile0.35","aligned",4,"C22",FALSE,1,0.0723809523809524,FALSE,1,0.0723809523809524,FALSE
"Simulation_3__npg120_profile0-35__aligned__rep004","Simulation_3","npg120_profile0.35","aligned",4,"C23",FALSE,0.795,0.149958228905597,FALSE,0.778,0.149958228905597,FALSE
"Simulation_3__npg120_profile0-35__aligned__rep004","Simulation_3","npg120_profile0.35","aligned",4,"C24",TRUE,0.01,0.332599926659332,TRUE,0.006,0.332599926659332,FALSE
"Simulation_3__npg120_profile0-35__aligned__rep004","Simulation_3","npg120_profile0.35","aligned",4,"C3",TRUE,0.005,0.397403946002077,TRUE,0.002,0.397403946002077,FALSE
"Simulation_3__npg120_profile0-35__aligned__rep004","Simulation_3","npg120_profile0.35","aligned",4,"C4",FALSE,0.89,0.13692480359147,FALSE,0.868,0.13692480359147,FALSE
"Simulation_3__npg120_profile0-35__aligned__rep004","Simulation_3","npg120_profile0.35","aligned",4,"C5",FALSE,0.06,0.252214839424142,FALSE,0.068,0.252214839424142,FALSE
"Simulation_3__npg120_profile0-35__aligned__rep004","Simulation_3","npg120_profile0.35","aligned",4,"C6",TRUE,0.01,0.322305764411027,FALSE,0.012,0.322305764411027,TRUE
"Simulation_3__npg120_profile0-35__aligned__rep004","Simulation_3","npg120_profile0.35","aligned",4,"C7",FALSE,0.11,0.235897435897436,FALSE,0.102,0.235897435897436,FALSE
"Simulation_3__npg120_profile0-35__aligned__rep004","Simulation_3","npg120_profile0.35","aligned",4,"C8",TRUE,0.01,0.313005313005313,FALSE,0.012,0.313005313005313,TRUE
"Simulation_3__npg120_profile0-35__aligned__rep004","Simulation_3","npg120_profile0.35","aligned",4,"C9",FALSE,0.235,0.212727272727273,FALSE,0.222,0.212727272727273,FALSE
"Simulation_3__npg120_profile0-35__aligned__rep005","Simulation_3","npg120_profile0.35","aligned",5,"C1",FALSE,0.955,0.110579179573829,FALSE,0.968,0.110579179573829,FALSE
"Simulation_3__npg120_profile0-35__aligned__rep005","Simulation_3","npg120_profile0.35","aligned",5,"C10",FALSE,0.855,0.131194048669777,FALSE,0.868,0.131194048669777,FALSE
"Simulation_3__npg120_profile0-35__aligned__rep005","Simulation_3","npg120_profile0.35","aligned",5,"C11",FALSE,0.245,0.20169539021998,FALSE,0.264,0.20169539021998,FALSE
"Simulation_3__npg120_profile0-35__aligned__rep005","Simulation_3","npg120_profile0.35","aligned",5,"C12",TRUE,0.005,0.370870870870871,TRUE,0.002,0.370870870870871,FALSE
"Simulation_3__npg120_profile0-35__aligned__rep005","Simulation_3","npg120_profile0.35","aligned",5,"C13",FALSE,0.865,0.130190796857464,FALSE,0.874,0.130190796857464,FALSE
"Simulation_3__npg120_profile0-35__aligned__rep005","Simulation_3","npg120_profile0.35","aligned",5,"C14",FALSE,0.06,0.242921013412817,FALSE,0.066,0.242921013412817,FALSE
"Simulation_3__npg120_profile0-35__aligned__rep005","Simulation_3","npg120_profile0.35","aligned",5,"C15",FALSE,0.13,0.218260869565218,FALSE,0.146,0.218260869565218,FALSE
"Simulation_3__npg120_profile0-35__aligned__rep005","Simulation_3","npg120_profile0.35","aligned",5,"C16",FALSE,0.86,0.1306094484756,FALSE,0.872,0.1306094484756,FALSE
"Simulation_3__npg120_profile0-35__aligned__rep005","Simulation_3","npg120_profile0.35","aligned",5,"C17",FALSE,0.28,0.196357723577236,FALSE,0.302,0.196357723577236,FALSE
"Simulation_3__npg120_profile0-35__aligned__rep005","Simulation_3","npg120_profile0.35","aligned",5,"C18",TRUE,0.005,0.350580895008606,TRUE,0.002,0.350580895008606,FALSE
"Simulation_3__npg120_profile0-35__aligned__rep005","Simulation_3","npg120_profile0.35","aligned",5,"C19",FALSE,0.54,0.166436896854242,FALSE,0.564,0.166436896854242,FALSE
"Simulation_3__npg120_profile0-35__aligned__rep005","Simulation_3","npg120_profile0.35","aligned",5,"C2",TRUE,0.01,0.306878306878307,TRUE,0.006,0.306878306878307,FALSE
"Simulation_3__npg120_profile0-35__aligned__rep005","Simulation_3","npg120_profile0.35","aligned",5,"C20",FALSE,0.185,0.213114754098361,FALSE,0.19,0.213114754098361,FALSE
"Simulation_3__npg120_profile0-35__aligned__rep005","Simulation_3","npg120_profile0.35","aligned",5,"C21",TRUE,0.01,0.30547480620155,TRUE,0.006,0.30547480620155,FALSE
"Simulation_3__npg120_profile0-35__aligned__rep005","Simulation_3","npg120_profile0.35","aligned",5,"C22",FALSE,0.805,0.138191905182196,FALSE,0.822,0.138191905182196,FALSE
"Simulation_3__npg120_profile0-35__aligned__rep005","Simulation_3","npg120_profile0.35","aligned",5,"C23",TRUE,0.01,0.285990338164251,FALSE,0.012,0.285990338164251,TRUE
"Simulation_3__npg120_profile0-35__aligned__rep005","Simulation_3","npg120_profile0.35","aligned",5,"C24",FALSE,0.05,0.248035914702581,FALSE,0.052,0.248035914702581,FALSE
"Simulation_3__npg120_profile0-35__aligned__rep005","Simulation_3","npg120_profile0.35","aligned",5,"C3",TRUE,0.005,0.343559488692232,TRUE,0.004,0.343559488692232,FALSE
"Simulation_3__npg120_profile0-35__aligned__rep005","Simulation_3","npg120_profile0.35","aligned",5,"C4",FALSE,1,0.0564160330423356,FALSE,1,0.0564160330423356,FALSE
"Simulation_3__npg120_profile0-35__aligned__rep005","Simulation_3","npg120_profile0.35","aligned",5,"C5",FALSE,0.03,0.263899816417519,FALSE,0.024,0.263899816417519,FALSE
"Simulation_3__npg120_profile0-35__aligned__rep005","Simulation_3","npg120_profile0.35","aligned",5,"C6",TRUE,0.005,0.350265197878417,TRUE,0.002,0.350265197878417,FALSE
"Simulation_3__npg120_profile0-35__aligned__rep005","Simulation_3","npg120_profile0.35","aligned",5,"C7",FALSE,0.635,0.154757755315441,FALSE,0.662,0.154757755315441,FALSE
"Simulation_3__npg120_profile0-35__aligned__rep005","Simulation_3","npg120_profile0.35","aligned",5,"C8",FALSE,0.015,0.281040493429874,FALSE,0.016,0.281040493429874,FALSE
"Simulation_3__npg120_profile0-35__aligned__rep005","Simulation_3","npg120_profile0.35","aligned",5,"C9",FALSE,0.015,0.280148423005566,FALSE,0.016,0.280148423005566,FALSE
"Simulation_3__npg120_profile0-35__decoupled__rep001","Simulation_3","npg120_profile0.35","decoupled",1,"C1",FALSE,1,0,FALSE,1,0,FALSE
"Simulation_3__npg120_profile0-35__decoupled__rep001","Simulation_3","npg120_profile0.35","decoupled",1,"C10",FALSE,1,0,FALSE,1,0,FALSE
"Simulation_3__npg120_profile0-35__decoupled__rep001","Simulation_3","npg120_profile0.35","decoupled",1,"C11",FALSE,1,0.0453278967040434,FALSE,1,0.0453278967040434,FALSE
"Simulation_3__npg120_profile0-35__decoupled__rep001","Simulation_3","npg120_profile0.35","decoupled",1,"C12",FALSE,0.75,0.150145523026879,FALSE,0.736,0.150145523026879,FALSE
"Simulation_3__npg120_profile0-35__decoupled__rep001","Simulation_3","npg120_profile0.35","decoupled",1,"C13",FALSE,1,0.0914510440400762,FALSE,1,0.0914510440400762,FALSE
"Simulation_3__npg120_profile0-35__decoupled__rep001","Simulation_3","npg120_profile0.35","decoupled",1,"C14",FALSE,0.995,0.0924379562043796,FALSE,0.996,0.0924379562043796,FALSE
"Simulation_3__npg120_profile0-35__decoupled__rep001","Simulation_3","npg120_profile0.35","decoupled",1,"C15",FALSE,0.99,0.0940078158923146,FALSE,0.994,0.0940078158923146,FALSE
"Simulation_3__npg120_profile0-35__decoupled__rep001","Simulation_3","npg120_profile0.35","decoupled",1,"C16",FALSE,1,0,FALSE,1,0,FALSE
"Simulation_3__npg120_profile0-35__decoupled__rep001","Simulation_3","npg120_profile0.35","decoupled",1,"C17",FALSE,1,0.0535972959922741,FALSE,1,0.0535972959922741,FALSE
"Simulation_3__npg120_profile0-35__decoupled__rep001","Simulation_3","npg120_profile0.35","decoupled",1,"C18",FALSE,0.935,0.116892911010558,FALSE,0.936,0.116892911010558,FALSE
"Simulation_3__npg120_profile0-35__decoupled__rep001","Simulation_3","npg120_profile0.35","decoupled",1,"C19",FALSE,1,0,FALSE,1,0,FALSE
"Simulation_3__npg120_profile0-35__decoupled__rep001","Simulation_3","npg120_profile0.35","decoupled",1,"C2",FALSE,0.99,0.102197802197802,FALSE,0.986,0.102197802197802,FALSE
"Simulation_3__npg120_profile0-35__decoupled__rep001","Simulation_3","npg120_profile0.35","decoupled",1,"C20",FALSE,1,0,FALSE,1,0,FALSE
"Simulation_3__npg120_profile0-35__decoupled__rep001","Simulation_3","npg120_profile0.35","decoupled",1,"C21",FALSE,0.16,0.233504114267971,FALSE,0.122,0.233504114267971,FALSE
"Simulation_3__npg120_profile0-35__decoupled__rep001","Simulation_3","npg120_profile0.35","decoupled",1,"C22",FALSE,1,0.0660377358490565,FALSE,1,0.0660377358490565,FALSE
"Simulation_3__npg120_profile0-35__decoupled__rep001","Simulation_3","npg120_profile0.35","decoupled",1,"C23",FALSE,1,0.0595238095238095,FALSE,1,0.0595238095238095,FALSE
"Simulation_3__npg120_profile0-35__decoupled__rep001","Simulation_3","npg120_profile0.35","decoupled",1,"C24",FALSE,0.19,0.227304964539007,FALSE,0.142,0.227304964539007,FALSE
"Simulation_3__npg120_profile0-35__decoupled__rep001","Simulation_3","npg120_profile0.35","decoupled",1,"C3",FALSE,1,0.0598522538821045,FALSE,1,0.0598522538821045,FALSE
"Simulation_3__npg120_profile0-35__decoupled__rep001","Simulation_3","npg120_profile0.35","decoupled",1,"C4",FALSE,1,0,FALSE,1,0,FALSE
"Simulation_3__npg120_profile0-35__decoupled__rep001","Simulation_3","npg120_profile0.35","decoupled",1,"C5",FALSE,0.93,0.119991987179487,FALSE,0.93,0.119991987179487,FALSE
"Simulation_3__npg120_profile0-35__decoupled__rep001","Simulation_3","npg120_profile0.35","decoupled",1,"C6",FALSE,1,0.0466424682395645,FALSE,1,0.0466424682395645,FALSE
"Simulation_3__npg120_profile0-35__decoupled__rep001","Simulation_3","npg120_profile0.35","decoupled",1,"C7",FALSE,1,0,FALSE,1,0,FALSE
"Simulation_3__npg120_profile0-35__decoupled__rep001","Simulation_3","npg120_profile0.35","decoupled",1,"C8",FALSE,1,0,FALSE,1,0,FALSE
"Simulation_3__npg120_profile0-35__decoupled__rep001","Simulation_3","npg120_profile0.35","decoupled",1,"C9",FALSE,1,0.0387205387205387,FALSE,1,0.0387205387205387,FALSE
"Simulation_3__npg120_profile0-35__decoupled__rep002","Simulation_3","npg120_profile0.35","decoupled",2,"C1",FALSE,0.99,0.0976621417797889,FALSE,0.988,0.0976621417797889,FALSE
"Simulation_3__npg120_profile0-35__decoupled__rep002","Simulation_3","npg120_profile0.35","decoupled",2,"C10",FALSE,1,0,FALSE,1,0,FALSE
"Simulation_3__npg120_profile0-35__decoupled__rep002","Simulation_3","npg120_profile0.35","decoupled",2,"C11",FALSE,1,0.0141766630316249,FALSE,1,0.0141766630316249,FALSE
"Simulation_3__npg120_profile0-35__decoupled__rep002","Simulation_3","npg120_profile0.35","decoupled",2,"C12",FALSE,1,0.0652173913043477,FALSE,1,0.0652173913043477,FALSE
"Simulation_3__npg120_profile0-35__decoupled__rep002","Simulation_3","npg120_profile0.35","decoupled",2,"C13",FALSE,1,0,FALSE,1,0,FALSE
"Simulation_3__npg120_profile0-35__decoupled__rep002","Simulation_3","npg120_profile0.35","decoupled",2,"C14",FALSE,1,0.0285257264729406,FALSE,1,0.0285257264729406,FALSE
"Simulation_3__npg120_profile0-35__decoupled__rep002","Simulation_3","npg120_profile0.35","decoupled",2,"C15",FALSE,0.995,0.0959617889709077,FALSE,0.992,0.0959617889709077,FALSE
"Simulation_3__npg120_profile0-35__decoupled__rep002","Simulation_3","npg120_profile0.35","decoupled",2,"C16",FALSE,1,0,FALSE,1,0,FALSE
"Simulation_3__npg120_profile0-35__decoupled__rep002","Simulation_3","npg120_profile0.35","decoupled",2,"C17",FALSE,1,0.0220872814626984,FALSE,1,0.0220872814626984,FALSE
"Simulation_3__npg120_profile0-35__decoupled__rep002","Simulation_3","npg120_profile0.35","decoupled",2,"C18",FALSE,1,0,FALSE,1,0,FALSE
"Simulation_3__npg120_profile0-35__decoupled__rep002","Simulation_3","npg120_profile0.35","decoupled",2,"C19",FALSE,1,0.0185774782850607,FALSE,1,0.0185774782850607,FALSE
"Simulation_3__npg120_profile0-35__decoupled__rep002","Simulation_3","npg120_profile0.35","decoupled",2,"C2",FALSE,1,0,FALSE,1,0,FALSE
"Simulation_3__npg120_profile0-35__decoupled__rep002","Simulation_3","npg120_profile0.35","decoupled",2,"C20",FALSE,1,0.0207156308851224,FALSE,1,0.0207156308851224,FALSE
"Simulation_3__npg120_profile0-35__decoupled__rep002","Simulation_3","npg120_profile0.35","decoupled",2,"C21",FALSE,1,0,FALSE,1,0,FALSE
"Simulation_3__npg120_profile0-35__decoupled__rep002","Simulation_3","npg120_profile0.35","decoupled",2,"C22",FALSE,1,0,FALSE,1,0,FALSE
"Simulation_3__npg120_profile0-35__decoupled__rep002","Simulation_3","npg120_profile0.35","decoupled",2,"C23",FALSE,1,0.0755932203389831,FALSE,1,0.0755932203389831,FALSE
"Simulation_3__npg120_profile0-35__decoupled__rep002","Simulation_3","npg120_profile0.35","decoupled",2,"C24",FALSE,1,0,FALSE,1,0,FALSE
"Simulation_3__npg120_profile0-35__decoupled__rep002","Simulation_3","npg120_profile0.35","decoupled",2,"C3",FALSE,0.87,0.134393767245577,FALSE,0.878,0.134393767245577,FALSE
"Simulation_3__npg120_profile0-35__decoupled__rep002","Simulation_3","npg120_profile0.35","decoupled",2,"C4",FALSE,0.955,0.117529183498203,FALSE,0.956,0.117529183498203,FALSE
"Simulation_3__npg120_profile0-35__decoupled__rep002","Simulation_3","npg120_profile0.35","decoupled",2,"C5",FALSE,1,0,FALSE,1,0,FALSE
"Simulation_3__npg120_profile0-35__decoupled__rep002","Simulation_3","npg120_profile0.35","decoupled",2,"C6",FALSE,0.96,0.111664820967146,FALSE,0.97,0.111664820967146,FALSE
"Simulation_3__npg120_profile0-35__decoupled__rep002","Simulation_3","npg120_profile0.35","decoupled",2,"C7",FALSE,1,0,FALSE,1,0,FALSE
"Simulation_3__npg120_profile0-35__decoupled__rep002","Simulation_3","npg120_profile0.35","decoupled",2,"C8",FALSE,1,0.0777327359362776,FALSE,1,0.0777327359362776,FALSE
"Simulation_3__npg120_profile0-35__decoupled__rep002","Simulation_3","npg120_profile0.35","decoupled",2,"C9",FALSE,1,0.055952380952381,FALSE,1,0.055952380952381,FALSE
"Simulation_3__npg120_profile0-35__decoupled__rep003","Simulation_3","npg120_profile0.35","decoupled",3,"C1",FALSE,1,0,FALSE,1,0,FALSE
"Simulation_3__npg120_profile0-35__decoupled__rep003","Simulation_3","npg120_profile0.35","decoupled",3,"C10",FALSE,1,0,FALSE,1,0,FALSE
"Simulation_3__npg120_profile0-35__decoupled__rep003","Simulation_3","npg120_profile0.35","decoupled",3,"C11",FALSE,0.99,0.0993160444571104,FALSE,0.994,0.0993160444571104,FALSE
"Simulation_3__npg120_profile0-35__decoupled__rep003","Simulation_3","npg120_profile0.35","decoupled",3,"C12",FALSE,1,0.00239322533136965,FALSE,1,0.00239322533136965,FALSE
"Simulation_3__npg120_profile0-35__decoupled__rep003","Simulation_3","npg120_profile0.35","decoupled",3,"C13",FALSE,1,0,FALSE,1,0,FALSE
"Simulation_3__npg120_profile0-35__decoupled__rep003","Simulation_3","npg120_profile0.35","decoupled",3,"C14",FALSE,1,0.0813008130081301,FALSE,1,0.0813008130081301,FALSE
"Simulation_3__npg120_profile0-35__decoupled__rep003","Simulation_3","npg120_profile0.35","decoupled",3,"C15",FALSE,1,0,FALSE,1,0,FALSE
"Simulation_3__npg120_profile0-35__decoupled__rep003","Simulation_3","npg120_profile0.35","decoupled",3,"C16",FALSE,1,0.0235690235690236,FALSE,1,0.0235690235690236,FALSE
"Simulation_3__npg120_profile0-35__decoupled__rep003","Simulation_3","npg120_profile0.35","decoupled",3,"C17",FALSE,1,0.0695480473892058,FALSE,1,0.0695480473892058,FALSE
"Simulation_3__npg120_profile0-35__decoupled__rep003","Simulation_3","npg120_profile0.35","decoupled",3,"C18",FALSE,1,0.0618055555555554,FALSE,1,0.0618055555555554,FALSE
"Simulation_3__npg120_profile0-35__decoupled__rep003","Simulation_3","npg120_profile0.35","decoupled",3,"C19",FALSE,1,0,FALSE,1,0,FALSE
"Simulation_3__npg120_profile0-35__decoupled__rep003","Simulation_3","npg120_profile0.35","decoupled",3,"C2",FALSE,1,0,FALSE,1,0,FALSE
"Simulation_3__npg120_profile0-35__decoupled__rep003","Simulation_3","npg120_profile0.35","decoupled",3,"C20",FALSE,1,0.0819126819126819,FALSE,1,0.0819126819126819,FALSE
"Simulation_3__npg120_profile0-35__decoupled__rep003","Simulation_3","npg120_profile0.35","decoupled",3,"C21",FALSE,1,0.0620583717357912,FALSE,1,0.0620583717357912,FALSE
"Simulation_3__npg120_profile0-35__decoupled__rep003","Simulation_3","npg120_profile0.35","decoupled",3,"C22",FALSE,1,0,FALSE,1,0,FALSE
"Simulation_3__npg120_profile0-35__decoupled__rep003","Simulation_3","npg120_profile0.35","decoupled",3,"C23",FALSE,1,0.0494400235779546,FALSE,1,0.0494400235779546,FALSE
"Simulation_3__npg120_profile0-35__decoupled__rep003","Simulation_3","npg120_profile0.35","decoupled",3,"C24",FALSE,1,0.0515463917525774,FALSE,1,0.0515463917525774,FALSE
"Simulation_3__npg120_profile0-35__decoupled__rep003","Simulation_3","npg120_profile0.35","decoupled",3,"C3",FALSE,1,0.071969696969697,FALSE,1,0.071969696969697,FALSE
"Simulation_3__npg120_profile0-35__decoupled__rep003","Simulation_3","npg120_profile0.35","decoupled",3,"C4",FALSE,1,0,FALSE,1,0,FALSE
"Simulation_3__npg120_profile0-35__decoupled__rep003","Simulation_3","npg120_profile0.35","decoupled",3,"C5",FALSE,1,0,FALSE,1,0,FALSE
"Simulation_3__npg120_profile0-35__decoupled__rep003","Simulation_3","npg120_profile0.35","decoupled",3,"C6",FALSE,0.925,0.124262295081967,FALSE,0.932,0.124262295081967,FALSE
"Simulation_3__npg120_profile0-35__decoupled__rep003","Simulation_3","npg120_profile0.35","decoupled",3,"C7",FALSE,1,0.0306241116423309,FALSE,1,0.0306241116423309,FALSE
"Simulation_3__npg120_profile0-35__decoupled__rep003","Simulation_3","npg120_profile0.35","decoupled",3,"C8",FALSE,1,0.0494186046511627,FALSE,1,0.0494186046511627,FALSE
"Simulation_3__npg120_profile0-35__decoupled__rep003","Simulation_3","npg120_profile0.35","decoupled",3,"C9",FALSE,1,0.0562264150943397,FALSE,1,0.0562264150943397,FALSE
"Simulation_3__npg120_profile0-35__decoupled__rep004","Simulation_3","npg120_profile0.35","decoupled",4,"C1",FALSE,1,0.0712333871568749,FALSE,1,0.0712333871568749,FALSE
"Simulation_3__npg120_profile0-35__decoupled__rep004","Simulation_3","npg120_profile0.35","decoupled",4,"C10",FALSE,1,0,FALSE,1,0,FALSE
"Simulation_3__npg120_profile0-35__decoupled__rep004","Simulation_3","npg120_profile0.35","decoupled",4,"C11",FALSE,1,0.0684142789405948,FALSE,1,0.0684142789405948,FALSE
"Simulation_3__npg120_profile0-35__decoupled__rep004","Simulation_3","npg120_profile0.35","decoupled",4,"C12",FALSE,0.99,0.0976790783102355,FALSE,0.994,0.0976790783102355,FALSE
"Simulation_3__npg120_profile0-35__decoupled__rep004","Simulation_3","npg120_profile0.35","decoupled",4,"C13",FALSE,1,0.0490622282946218,FALSE,1,0.0490622282946218,FALSE
"Simulation_3__npg120_profile0-35__decoupled__rep004","Simulation_3","npg120_profile0.35","decoupled",4,"C14",FALSE,0.99,0.097230255124992,FALSE,0.994,0.097230255124992,FALSE
"Simulation_3__npg120_profile0-35__decoupled__rep004","Simulation_3","npg120_profile0.35","decoupled",4,"C15",FALSE,0.995,0.0828754578754578,FALSE,0.998,0.0828754578754578,FALSE
"Simulation_3__npg120_profile0-35__decoupled__rep004","Simulation_3","npg120_profile0.35","decoupled",4,"C16",FALSE,1,0,FALSE,1,0,FALSE
"Simulation_3__npg120_profile0-35__decoupled__rep004","Simulation_3","npg120_profile0.35","decoupled",4,"C17",FALSE,1,0.0234653257909072,FALSE,1,0.0234653257909072,FALSE
"Simulation_3__npg120_profile0-35__decoupled__rep004","Simulation_3","npg120_profile0.35","decoupled",4,"C18",FALSE,0.99,0.0932330827067669,FALSE,0.994,0.0932330827067669,FALSE
"Simulation_3__npg120_profile0-35__decoupled__rep004","Simulation_3","npg120_profile0.35","decoupled",4,"C19",FALSE,1,0,FALSE,1,0,FALSE
"Simulation_3__npg120_profile0-35__decoupled__rep004","Simulation_3","npg120_profile0.35","decoupled",4,"C2",FALSE,1,0.0585585585585586,FALSE,1,0.0585585585585586,FALSE
"Simulation_3__npg120_profile0-35__decoupled__rep004","Simulation_3","npg120_profile0.35","decoupled",4,"C20",FALSE,0.96,0.11304347826087,FALSE,0.974,0.11304347826087,FALSE
"Simulation_3__npg120_profile0-35__decoupled__rep004","Simulation_3","npg120_profile0.35","decoupled",4,"C21",FALSE,1,0,FALSE,1,0,FALSE
"Simulation_3__npg120_profile0-35__decoupled__rep004","Simulation_3","npg120_profile0.35","decoupled",4,"C22",FALSE,1,0,FALSE,1,0,FALSE
"Simulation_3__npg120_profile0-35__decoupled__rep004","Simulation_3","npg120_profile0.35","decoupled",4,"C23",FALSE,0.99,0.0939849624060152,FALSE,0.994,0.0939849624060152,FALSE
"Simulation_3__npg120_profile0-35__decoupled__rep004","Simulation_3","npg120_profile0.35","decoupled",4,"C24",FALSE,1,0.0616096866096867,FALSE,1,0.0616096866096867,FALSE
"Simulation_3__npg120_profile0-35__decoupled__rep004","Simulation_3","npg120_profile0.35","decoupled",4,"C3",FALSE,1,0.053907625626439,FALSE,1,0.053907625626439,FALSE
"Simulation_3__npg120_profile0-35__decoupled__rep004","Simulation_3","npg120_profile0.35","decoupled",4,"C4",FALSE,1,0,FALSE,1,0,FALSE
"Simulation_3__npg120_profile0-35__decoupled__rep004","Simulation_3","npg120_profile0.35","decoupled",4,"C5",FALSE,0.8,0.143182854537164,FALSE,0.818,0.143182854537164,FALSE
"Simulation_3__npg120_profile0-35__decoupled__rep004","Simulation_3","npg120_profile0.35","decoupled",4,"C6",FALSE,1,0,FALSE,1,0,FALSE
"Simulation_3__npg120_profile0-35__decoupled__rep004","Simulation_3","npg120_profile0.35","decoupled",4,"C7",FALSE,1,0,FALSE,1,0,FALSE
"Simulation_3__npg120_profile0-35__decoupled__rep004","Simulation_3","npg120_profile0.35","decoupled",4,"C8",FALSE,1,0.00058275058275048,FALSE,1,0.00058275058275048,FALSE
"Simulation_3__npg120_profile0-35__decoupled__rep004","Simulation_3","npg120_profile0.35","decoupled",4,"C9",FALSE,0.8,0.142968294106205,FALSE,0.82,0.142968294106205,FALSE
"Simulation_3__npg120_profile0-35__decoupled__rep005","Simulation_3","npg120_profile0.35","decoupled",5,"C1",FALSE,1,0,FALSE,1,0,FALSE
"Simulation_3__npg120_profile0-35__decoupled__rep005","Simulation_3","npg120_profile0.35","decoupled",5,"C10",FALSE,1,0,FALSE,1,0,FALSE
"Simulation_3__npg120_profile0-35__decoupled__rep005","Simulation_3","npg120_profile0.35","decoupled",5,"C11",FALSE,1,0,FALSE,1,0,FALSE
"Simulation_3__npg120_profile0-35__decoupled__rep005","Simulation_3","npg120_profile0.35","decoupled",5,"C12",FALSE,1,0.0575757575757576,FALSE,1,0.0575757575757576,FALSE
"Simulation_3__npg120_profile0-35__decoupled__rep005","Simulation_3","npg120_profile0.35","decoupled",5,"C13",FALSE,1,0,FALSE,1,0,FALSE
"Simulation_3__npg120_profile0-35__decoupled__rep005","Simulation_3","npg120_profile0.35","decoupled",5,"C14",FALSE,1,0,FALSE,1,0,FALSE
"Simulation_3__npg120_profile0-35__decoupled__rep005","Simulation_3","npg120_profile0.35","decoupled",5,"C15",FALSE,1,0.0435391074482974,FALSE,1,0.0435391074482974,FALSE
"Simulation_3__npg120_profile0-35__decoupled__rep005","Simulation_3","npg120_profile0.35","decoupled",5,"C16",FALSE,1,0,FALSE,1,0,FALSE
"Simulation_3__npg120_profile0-35__decoupled__rep005","Simulation_3","npg120_profile0.35","decoupled",5,"C17",FALSE,1,0.0391428571428571,FALSE,1,0.0391428571428571,FALSE
"Simulation_3__npg120_profile0-35__decoupled__rep005","Simulation_3","npg120_profile0.35","decoupled",5,"C18",FALSE,1,0,FALSE,1,0,FALSE
"Simulation_3__npg120_profile0-35__decoupled__rep005","Simulation_3","npg120_profile0.35","decoupled",5,"C19",FALSE,1,0,FALSE,1,0,FALSE
"Simulation_3__npg120_profile0-35__decoupled__rep005","Simulation_3","npg120_profile0.35","decoupled",5,"C2",FALSE,1,0,FALSE,1,0,FALSE
"Simulation_3__npg120_profile0-35__decoupled__rep005","Simulation_3","npg120_profile0.35","decoupled",5,"C20",FALSE,1,0.038015828151498,FALSE,1,0.038015828151498,FALSE
"Simulation_3__npg120_profile0-35__decoupled__rep005","Simulation_3","npg120_profile0.35","decoupled",5,"C21",FALSE,1,0.0507851321804811,FALSE,1,0.0507851321804811,FALSE
"Simulation_3__npg120_profile0-35__decoupled__rep005","Simulation_3","npg120_profile0.35","decoupled",5,"C22",FALSE,1,0,FALSE,1,0,FALSE
"Simulation_3__npg120_profile0-35__decoupled__rep005","Simulation_3","npg120_profile0.35","decoupled",5,"C23",FALSE,0.9,0.123349436392915,FALSE,0.89,0.123349436392915,FALSE
"Simulation_3__npg120_profile0-35__decoupled__rep005","Simulation_3","npg120_profile0.35","decoupled",5,"C24",FALSE,0.465,0.179573512906846,FALSE,0.46,0.179573512906846,FALSE
"Simulation_3__npg120_profile0-35__decoupled__rep005","Simulation_3","npg120_profile0.35","decoupled",5,"C3",FALSE,1,0,FALSE,1,0,FALSE
"Simulation_3__npg120_profile0-35__decoupled__rep005","Simulation_3","npg120_profile0.35","decoupled",5,"C4",FALSE,1,0,FALSE,1,0,FALSE
"Simulation_3__npg120_profile0-35__decoupled__rep005","Simulation_3","npg120_profile0.35","decoupled",5,"C5",FALSE,1,0,FALSE,1,0,FALSE
"Simulation_3__npg120_profile0-35__decoupled__rep005","Simulation_3","npg120_profile0.35","decoupled",5,"C6",FALSE,0.975,0.0959752321981426,FALSE,0.988,0.0959752321981426,FALSE
"Simulation_3__npg120_profile0-35__decoupled__rep005","Simulation_3","npg120_profile0.35","decoupled",5,"C7",FALSE,1,0.00133084064767575,FALSE,1,0.00133084064767575,FALSE
"Simulation_3__npg120_profile0-35__decoupled__rep005","Simulation_3","npg120_profile0.35","decoupled",5,"C8",FALSE,1,0.0391304347826087,FALSE,1,0.0391304347826087,FALSE
"Simulation_3__npg120_profile0-35__decoupled__rep005","Simulation_3","npg120_profile0.35","decoupled",5,"C9",FALSE,1,0.0749072356215215,FALSE,1,0.0749072356215215,FALSE
