"configuration","interaction_state","replicate","data_seed","n","p_numeric","q_categorical","method","affinity","ARI","ifault","distance_seconds","clustering_seconds"
"reference","signal",1,26092100,360,2,2,"ab_gated","gaussian",0.904856510386762,0,6.998,0.100999999999999
"reference","signal",1,26092100,360,2,2,"ab_gated","selftune",1,0,6.998,0.0899999999999999
"reference","signal",1,26092100,360,2,2,"ab_no_interaction","gaussian",0.489885570925104,0,0.449,0.0959999999999983
"reference","signal",1,26092100,360,2,2,"ab_no_interaction","selftune",0.453112445232999,0,0.449,0.0890000000000004
"reference","signal",1,26092100,360,2,2,"gower","gaussian",0.19860049597079,0,0.0719999999999992,0.0730000000000004
"reference","signal",1,26092100,360,2,2,"gower","selftune",0.181299885974914,0,0.0719999999999992,0.0820000000000007
"reference","signal",1,26092100,360,2,2,"modified_gower","gaussian",0.628660677736719,0,0.365,0.0779999999999994
"reference","signal",1,26092100,360,2,2,"modified_gower","selftune",1,0,0.365,0.536000000000001
"reference","signal",1,26092100,360,2,2,"standardized_euclidean_onehot","gaussian",0.509633706911344,0,0.0839999999999996,0.100999999999999
"reference","signal",1,26092100,360,2,2,"standardized_euclidean_onehot","selftune",0.254670777058504,0,0.0839999999999996,0.103999999999999
"reference","null",1,26092100,360,2,2,"ab_gated","gaussian",0.489885570925104,0,6.267,0.140000000000001
"reference","null",1,26092100,360,2,2,"ab_gated","selftune",0.453112445232999,0,6.267,0.104999999999999
"reference","null",1,26092100,360,2,2,"ab_no_interaction","gaussian",0.489885570925104,0,0.449,0.103000000000002
"reference","null",1,26092100,360,2,2,"ab_no_interaction","selftune",0.453112445232999,0,0.449,0.299
"reference","null",1,26092100,360,2,2,"gower","gaussian",-0.0021167248770101,0,0.231,0.0739999999999998
"reference","null",1,26092100,360,2,2,"gower","selftune",-0.00353399448339757,0,0.231,0.218
"reference","null",1,26092100,360,2,2,"modified_gower","gaussian",0.522396149498887,0,0.433000000000002,0.0830000000000002
"reference","null",1,26092100,360,2,2,"modified_gower","selftune",0.485549803941526,0,0.433000000000002,0.0779999999999994
"reference","null",1,26092100,360,2,2,"standardized_euclidean_onehot","gaussian",-0.0021167248770101,0,0.123999999999999,0.424999999999999
"reference","null",1,26092100,360,2,2,"standardized_euclidean_onehot","selftune",-0.00353399448339757,0,0.123999999999999,0.122999999999999
"numeric_medium","signal",1,26092100,360,6,2,"ab_gated","gaussian",0.904336819665579,0,13.445,0.121000000000002
"numeric_medium","signal",1,26092100,360,6,2,"ab_gated","selftune",1,0,13.445,0.128
"numeric_medium","signal",1,26092100,360,6,2,"ab_no_interaction","gaussian",0.475077508790909,0,1.691,0.0910000000000011
"numeric_medium","signal",1,26092100,360,6,2,"ab_no_interaction","selftune",0.456268934568248,0,1.691,0.175000000000001
"numeric_medium","signal",1,26092100,360,6,2,"gower","gaussian",0.55185907495792,0,0.114000000000001,0.106999999999999
"numeric_medium","signal",1,26092100,360,6,2,"gower","selftune",0.557697275599626,0,0.114000000000001,0.0850000000000009
"numeric_medium","signal",1,26092100,360,6,2,"modified_gower","gaussian",0.533789652372044,0,0.707999999999998,0.103999999999999
"numeric_medium","signal",1,26092100,360,6,2,"modified_gower","selftune",1,0,0.707999999999998,0.125
"numeric_medium","signal",1,26092100,360,6,2,"standardized_euclidean_onehot","gaussian",0.597723433117832,0,0.785,0.0960000000000001
"numeric_medium","signal",1,26092100,360,6,2,"standardized_euclidean_onehot","selftune",0.36802477252964,0,0.785,0.115000000000002
"numeric_medium","null",1,26092100,360,6,2,"ab_gated","gaussian",0.475077508790909,0,13.413,0.529
"numeric_medium","null",1,26092100,360,6,2,"ab_gated","selftune",0.456268934568248,0,13.413,0.126000000000001
"numeric_medium","null",1,26092100,360,6,2,"ab_no_interaction","gaussian",0.475077508790909,0,1.692,0.100999999999999
"numeric_medium","null",1,26092100,360,6,2,"ab_no_interaction","selftune",0.456268934568248,0,1.692,0.183999999999997
"numeric_medium","null",1,26092100,360,6,2,"gower","gaussian",0.00673811241287977,0,0.120999999999999,0.111999999999998
"numeric_medium","null",1,26092100,360,6,2,"gower","selftune",0.223470542275011,0,0.120999999999999,0.106999999999999
"numeric_medium","null",1,26092100,360,6,2,"modified_gower","gaussian",0.506389516300849,0,0.645000000000003,0.413999999999998
"numeric_medium","null",1,26092100,360,6,2,"modified_gower","selftune",0.496161987071749,0,0.645000000000003,0.0909999999999975
"numeric_medium","null",1,26092100,360,6,2,"standardized_euclidean_onehot","gaussian",0.00673811241287977,0,0.450999999999997,0.0790000000000006
"numeric_medium","null",1,26092100,360,6,2,"standardized_euclidean_onehot","selftune",0.00552110273430547,0,0.450999999999997,0.0720000000000027
"numeric_high","signal",1,26092100,360,10,2,"ab_gated","gaussian",0.815862708283804,0,12.457,0.179000000000002
"numeric_high","signal",1,26092100,360,10,2,"ab_gated","selftune",1,0,12.457,0.146999999999998
"numeric_high","signal",1,26092100,360,10,2,"ab_no_interaction","gaussian",0.689123954419064,0,1.697,0.0990000000000002
"numeric_high","signal",1,26092100,360,10,2,"ab_no_interaction","selftune",0.486302952297361,0,1.697,0.135999999999999
"numeric_high","signal",1,26092100,360,10,2,"gower","gaussian",0.521647533115417,0,0.187999999999999,0.120000000000001
"numeric_high","signal",1,26092100,360,10,2,"gower","selftune",0.912718865897809,0,0.187999999999999,0.105
"numeric_high","signal",1,26092100,360,10,2,"modified_gower","gaussian",0.515090733883367,0,0.884,0.455000000000002
"numeric_high","signal",1,26092100,360,10,2,"modified_gower","selftune",0.68350340052419,0,0.884,0.097999999999999
"numeric_high","signal",1,26092100,360,10,2,"standardized_euclidean_onehot","gaussian",0.573957227395208,0,0.948999999999998,0.105
"numeric_high","signal",1,26092100,360,10,2,"standardized_euclidean_onehot","selftune",0.615633289813975,0,0.948999999999998,0.0990000000000002
"numeric_high","null",1,26092100,360,10,2,"ab_gated","gaussian",0.689123954419064,0,10.559,0.152999999999999
"numeric_high","null",1,26092100,360,10,2,"ab_gated","selftune",0.486302952297361,0,10.559,0.166999999999998
"numeric_high","null",1,26092100,360,10,2,"ab_no_interaction","gaussian",0.689123954419064,0,1.41,0.0999999999999979
"numeric_high","null",1,26092100,360,10,2,"ab_no_interaction","selftune",0.486302952297361,0,1.41,0.117000000000001
"numeric_high","null",1,26092100,360,10,2,"gower","gaussian",0.0677356079726053,0,0.0860000000000003,0.102
"numeric_high","null",1,26092100,360,10,2,"gower","selftune",0.60513435544339,0,0.0860000000000003,0.209
"numeric_high","null",1,26092100,360,10,2,"modified_gower","gaussian",0.487387870683972,0,1.467,0.125
"numeric_high","null",1,26092100,360,10,2,"modified_gower","selftune",0.538679894853477,0,1.467,0.324000000000002
"numeric_high","null",1,26092100,360,10,2,"standardized_euclidean_onehot","gaussian",0.0585222054651782,0,0.594999999999999,0.375
"numeric_high","null",1,26092100,360,10,2,"standardized_euclidean_onehot","selftune",0.21348610275671,0,0.594999999999999,0.138000000000002
"categorical_high","signal",1,26092100,360,2,5,"ab_gated","gaussian",0.904856510386762,0,18.181,0.113999999999997
"categorical_high","signal",1,26092100,360,2,5,"ab_gated","selftune",1,0,18.181,0.0889999999999986
"categorical_high","signal",1,26092100,360,2,5,"ab_no_interaction","gaussian",0.489885570925104,0,1.141,0.083000000000002
"categorical_high","signal",1,26092100,360,2,5,"ab_no_interaction","selftune",0.453112445232999,0,1.141,0.312000000000001
"categorical_high","signal",1,26092100,360,2,5,"gower","gaussian",0.174154918629834,0,0.0839999999999996,0.0809999999999995
"categorical_high","signal",1,26092100,360,2,5,"gower","selftune",-0.00918919819897511,0,0.0839999999999996,0.103999999999999
"categorical_high","signal",1,26092100,360,2,5,"modified_gower","gaussian",0.628660677736719,0,0.542999999999999,0.0949999999999989
"categorical_high","signal",1,26092100,360,2,5,"modified_gower","selftune",1,0,0.542999999999999,0.0949999999999989
"categorical_high","signal",1,26092100,360,2,5,"standardized_euclidean_onehot","gaussian",0.177575299682044,0,0.501000000000001,0.0760000000000005
"categorical_high","signal",1,26092100,360,2,5,"standardized_euclidean_onehot","selftune",-0.00964449364617032,0,0.501000000000001,0.472999999999999
"categorical_high","null",1,26092100,360,2,5,"ab_gated","gaussian",0.489885570925104,0,18.164,0.137
"categorical_high","null",1,26092100,360,2,5,"ab_gated","selftune",0.453112445232999,0,18.164,0.093
"categorical_high","null",1,26092100,360,2,5,"ab_no_interaction","gaussian",0.489885570925104,0,1.14,0.0839999999999996
"categorical_high","null",1,26092100,360,2,5,"ab_no_interaction","selftune",0.453112445232999,0,1.14,0.0820000000000007
"categorical_high","null",1,26092100,360,2,5,"gower","gaussian",0.0195387848827401,0,0.0889999999999986,0.111999999999998
"categorical_high","null",1,26092100,360,2,5,"gower","selftune",-0.0096228104694052,0,0.0889999999999986,0.111000000000001
"categorical_high","null",1,26092100,360,2,5,"modified_gower","gaussian",0.522396149498887,0,0.509,0.0850000000000009
"categorical_high","null",1,26092100,360,2,5,"modified_gower","selftune",0.477986601806119,0,0.509,0.379999999999999
"categorical_high","null",1,26092100,360,2,5,"standardized_euclidean_onehot","gaussian",0.00313201394362887,0,0.497,0.125
"categorical_high","null",1,26092100,360,2,5,"standardized_euclidean_onehot","selftune",0.00217144328629306,0,0.497,0.135000000000002
"joint_high","signal",1,26092100,360,10,5,"ab_gated","gaussian",0.815862708283804,0,12.507,0.117000000000001
"joint_high","signal",1,26092100,360,10,5,"ab_gated","selftune",1,0,12.507,0.0839999999999996
"joint_high","signal",1,26092100,360,10,5,"ab_no_interaction","gaussian",0.689123954419064,0,0.742,0.075999999999997
"joint_high","signal",1,26092100,360,10,5,"ab_no_interaction","selftune",0.486302952297361,0,0.742,0.0810000000000031
"joint_high","signal",1,26092100,360,10,5,"gower","gaussian",0.626084201125925,0,0.122999999999998,0.0839999999999996
"joint_high","signal",1,26092100,360,10,5,"gower","selftune",0.432236765084167,0,0.122999999999998,0.0950000000000024
"joint_high","signal",1,26092100,360,10,5,"modified_gower","gaussian",0.515090733883367,0,0.586000000000002,0.0809999999999995
"joint_high","signal",1,26092100,360,10,5,"modified_gower","selftune",0.68350340052419,0,0.586000000000002,0.093
"joint_high","signal",1,26092100,360,10,5,"standardized_euclidean_onehot","gaussian",0.50368104785829,0,0.437000000000001,0.0800000000000018
"joint_high","signal",1,26092100,360,10,5,"standardized_euclidean_onehot","selftune",0.411501115117836,0,0.437000000000001,0.102999999999998
"joint_high","null",1,26092100,360,10,5,"ab_gated","gaussian",0.689123954419064,0,11.807,0.113999999999997
"joint_high","null",1,26092100,360,10,5,"ab_gated","selftune",0.486302952297361,0,11.807,0.119
"joint_high","null",1,26092100,360,10,5,"ab_no_interaction","gaussian",0.689123954419064,0,0.742,0.0749999999999993
"joint_high","null",1,26092100,360,10,5,"ab_no_interaction","selftune",0.486302952297361,0,0.742,0.0800000000000018
"joint_high","null",1,26092100,360,10,5,"gower","gaussian",0.351517669621526,0,0.166,0.0850000000000009
"joint_high","null",1,26092100,360,10,5,"gower","selftune",0.17334059300562,0,0.166,0.0829999999999984
"joint_high","null",1,26092100,360,10,5,"modified_gower","gaussian",0.487387870683972,0,0.952999999999999,0.0760000000000005
"joint_high","null",1,26092100,360,10,5,"modified_gower","selftune",0.53977349037967,0,0.952999999999999,0.0939999999999976
"joint_high","null",1,26092100,360,10,5,"standardized_euclidean_onehot","gaussian",0.161852462450691,0,0.593,0.108999999999998
"joint_high","null",1,26092100,360,10,5,"standardized_euclidean_onehot","selftune",0.1770426763763,0,0.593,0.0869999999999997
