"task_key","experiment","condition","state","replicate","data_seed","method","method_label","bandwidth_multiplier","ARI","affinity_sigma","objective","iterations","ifault","distance_seconds","clustering_seconds","error"
"Simulation_1__reference__signal__rep001","Simulation_1","reference","signal",1,26200100,"Gated_active_average_SC","Gated active average",1,0.903608745979847,3.7950080747388,67.6099219210952,3,0,0.00300000000000011,0.102999999999998,NA
"Simulation_1__reference__signal__rep001","Simulation_1","reference","signal",1,26200100,"Package_no_interaction_SC","Package no interaction",1,0.484848900669052,2.14799150878254,91.5223223829848,4,0,0.0080000000000009,0.0919999999999987,NA
"Simulation_1__reference__signal__rep001","Simulation_1","reference","signal",1,26200100,"Gower_SC","Gower",1,0.19860049597079,0.477011478121935,94.2552610510686,3,0,0.0709999999999997,0.109999999999999,NA
"Simulation_1__reference__signal__rep001","Simulation_1","reference","signal",1,26200100,"Modified_Gower_SC","Modified Gower",1,0.603083508044035,0.571070267973962,80.0997326171872,2,0,0.379,0.0940000000000012,NA
"Simulation_1__reference__signal__rep001","Simulation_1","reference","signal",1,26200100,"Euclidean_onehot_SC","Euclidean one-hot",1,0.509633706911344,4.14758008415218,84.437429610079,2,0,0.687000000000001,0.100000000000001,NA
"Simulation_1__reference__signal__rep001","Simulation_1","reference","signal",1,26200100,"Ahmad_Dey_SC","Ahmad--Dey distance",1,0.801421914369057,0.145175907873617,87.745248413345,3,0,0.0219999999999985,0.104000000000003,NA
"Simulation_1__reference__null__rep001","Simulation_1","reference","null",1,26200100,"Gated_active_average_SC","Gated active average",1,0.484848900669052,2.14799150878254,91.5223223829848,4,0,0.00399999999999956,0.105,NA
"Simulation_1__reference__null__rep001","Simulation_1","reference","null",1,26200100,"Package_no_interaction_SC","Package no interaction",1,0.484848900669052,2.14799150878254,91.5223223829848,4,0,0.00300000000000011,0.624000000000002,NA
"Simulation_1__reference__null__rep001","Simulation_1","reference","null",1,26200100,"Gower_SC","Gower",1,0.0037607925709489,0.46918482477621,91.6920454492128,2,0,0.115,0.0950000000000024,NA
"Simulation_1__reference__null__rep001","Simulation_1","reference","null",1,26200100,"Modified_Gower_SC","Modified Gower",1,0.508781057756211,0.609273431940134,70.7411371633783,3,0,0.602,0.109999999999999,NA
"Simulation_1__reference__null__rep001","Simulation_1","reference","null",1,26200100,"Euclidean_onehot_SC","Euclidean one-hot",1,0.0037607925709489,4.0982210742842,89.4472015424244,2,0,0.161,0.428999999999998,NA
"Simulation_1__reference__null__rep001","Simulation_1","reference","null",1,26200100,"Ahmad_Dey_SC","Ahmad--Dey distance",1,0.609010990267749,0.0210261872733189,109.947806091793,3,0,0.036999999999999,0.122,NA
"Simulation_1__reference__signal__rep002","Simulation_1","reference","signal",2,26200200,"Gated_active_average_SC","Gated active average",1,0.857055306470444,3.86605949978573,67.5335448878657,2,0,0.0139999999999993,0.111999999999998,NA
"Simulation_1__reference__signal__rep002","Simulation_1","reference","signal",2,26200200,"Package_no_interaction_SC","Package no interaction",1,0.463395526732482,2.16816728535593,89.7878869057381,3,0,0.004999999999999,0.108000000000001,NA
"Simulation_1__reference__signal__rep002","Simulation_1","reference","signal",2,26200200,"Gower_SC","Gower",1,0.6555278106402,0.481888565895322,91.8068507140562,2,0,0.0850000000000009,0.116,NA
"Simulation_1__reference__signal__rep002","Simulation_1","reference","signal",2,26200200,"Modified_Gower_SC","Modified Gower",1,0.640793912478867,0.584455711314961,73.2735040594533,3,0,0.299,0.0899999999999999,NA
"Simulation_1__reference__signal__rep002","Simulation_1","reference","signal",2,26200200,"Euclidean_onehot_SC","Euclidean one-hot",1,0.6555278106402,4.14502516945265,78.3245861455274,2,0,0.147000000000002,0.0919999999999987,NA
"Simulation_1__reference__signal__rep002","Simulation_1","reference","signal",2,26200200,"Ahmad_Dey_SC","Ahmad--Dey distance",1,0.801421914369057,0.129111391649271,82.1655095840152,3,0,0.372,0.0789999999999971,NA
"Simulation_1__reference__null__rep002","Simulation_1","reference","null",2,26200200,"Gated_active_average_SC","Gated active average",1,0.463395526732482,2.16816728535593,89.7878869057381,3,0,0.0179999999999971,0.0850000000000009,NA
"Simulation_1__reference__null__rep002","Simulation_1","reference","null",2,26200200,"Package_no_interaction_SC","Package no interaction",1,0.463395526732482,2.16816728535593,89.7878869057381,3,0,0.00700000000000145,0.0899999999999999,NA
"Simulation_1__reference__null__rep002","Simulation_1","reference","null",2,26200200,"Gower_SC","Gower",1,0.00366283394681625,0.475778902145416,90.7638935984608,3,0,0.108000000000001,0.0820000000000007,NA
"Simulation_1__reference__null__rep002","Simulation_1","reference","null",2,26200200,"Modified_Gower_SC","Modified Gower",1,0.503839660914389,0.615179791606775,73.8267694932989,3,0,0.338999999999999,0.0940000000000012,NA
"Simulation_1__reference__null__rep002","Simulation_1","reference","null",2,26200200,"Euclidean_onehot_SC","Euclidean one-hot",1,0.00366283394681625,4.08908227255205,88.2870357861584,3,0,0.118000000000002,0.108999999999998,NA
"Simulation_1__reference__null__rep002","Simulation_1","reference","null",2,26200200,"Ahmad_Dey_SC","Ahmad--Dey distance",1,0.3778781017761,0.0134747489876202,103.474906768094,4,0,0.0269999999999975,0.119,NA
"Simulation_1__reference__signal__rep003","Simulation_1","reference","signal",3,26200300,"Gated_active_average_SC","Gated active average",1,0.892351700757345,3.87213984584139,67.8725730694698,2,0,0.00500000000000256,0.617999999999995,NA
"Simulation_1__reference__signal__rep003","Simulation_1","reference","signal",3,26200300,"Package_no_interaction_SC","Package no interaction",1,0.470779318080031,2.19690779527234,89.7845833047365,3,0,0.0069999999999979,0.115000000000002,NA
"Simulation_1__reference__signal__rep003","Simulation_1","reference","signal",3,26200300,"Gower_SC","Gower",1,0.6555278106402,0.478413903510381,90.9671739423984,2,0,0.223999999999997,0.0919999999999987,NA
"Simulation_1__reference__signal__rep003","Simulation_1","reference","signal",3,26200300,"Modified_Gower_SC","Modified Gower",1,0.489007123464869,0.598062103987931,83.0133661175774,3,0,0.591000000000001,0.104000000000006,NA
"Simulation_1__reference__signal__rep003","Simulation_1","reference","signal",3,26200300,"Euclidean_onehot_SC","Euclidean one-hot",1,0.6555278106402,4.1436671946769,78.1092589092767,3,0,0.189,0.0769999999999982,NA
"Simulation_1__reference__signal__rep003","Simulation_1","reference","signal",3,26200300,"Ahmad_Dey_SC","Ahmad--Dey distance",1,0.801421914369057,0.14396195970881,89.8799303300946,3,0,0.0580000000000069,0.0829999999999984,NA
"Simulation_1__reference__null__rep003","Simulation_1","reference","null",3,26200300,"Gated_active_average_SC","Gated active average",1,0.470779318080031,2.19690779527234,89.7845833047365,3,0,0.0069999999999979,0.118000000000002,NA
"Simulation_1__reference__null__rep003","Simulation_1","reference","null",3,26200300,"Package_no_interaction_SC","Package no interaction",1,0.470779318080031,2.19690779527234,89.7845833047365,3,0,0.0140000000000029,0.100000000000001,NA
"Simulation_1__reference__null__rep003","Simulation_1","reference","null",3,26200300,"Gower_SC","Gower",1,-0.00221468350114275,0.471926088928571,93.2180152618849,2,0,0.149999999999999,0.128,NA
"Simulation_1__reference__null__rep003","Simulation_1","reference","null",3,26200300,"Modified_Gower_SC","Modified Gower",1,0.50907843093125,0.628213288023256,76.3210588425863,3,0,0.625999999999998,0.0919999999999987,NA
"Simulation_1__reference__null__rep003","Simulation_1","reference","null",3,26200300,"Euclidean_onehot_SC","Euclidean one-hot",1,-0.00221468350114275,4.07141679614612,88.3430875728907,3,0,0.648000000000003,0.0859999999999985,NA
"Simulation_1__reference__null__rep003","Simulation_1","reference","null",3,26200300,"Ahmad_Dey_SC","Ahmad--Dey distance",1,0.423149348992599,0.0159943165276184,91.8250545897618,3,0,0.0670000000000002,0.0869999999999962,NA
"Simulation_1__reference__signal__rep004","Simulation_1","reference","signal",4,26200400,"Gated_active_average_SC","Gated active average",1,0.843957138237551,3.77374782757182,64.7371851195214,2,0,0.00300000000000011,0.116,NA
"Simulation_1__reference__signal__rep004","Simulation_1","reference","signal",4,26200400,"Package_no_interaction_SC","Package no interaction",1,0.519804665256139,2.18247027696613,85.5196311327556,3,0,0.00800000000000267,0.0989999999999966,NA
"Simulation_1__reference__signal__rep004","Simulation_1","reference","signal",4,26200400,"Gower_SC","Gower",1,0.6555278106402,0.480344428118468,92.8124154664909,3,0,0.0769999999999982,0.0910000000000011,NA
"Simulation_1__reference__signal__rep004","Simulation_1","reference","signal",4,26200400,"Modified_Gower_SC","Modified Gower",1,0.6677523686443,0.557027509192041,69.6134309985,3,0,0.353999999999999,0.0999999999999943,NA
"Simulation_1__reference__signal__rep004","Simulation_1","reference","signal",4,26200400,"Euclidean_onehot_SC","Euclidean one-hot",1,0.509633706911344,4.14209626176967,84.9767600803246,2,0,0.515000000000001,0.088000000000001,NA
"Simulation_1__reference__signal__rep004","Simulation_1","reference","signal",4,26200400,"Ahmad_Dey_SC","Ahmad--Dey distance",1,0.801421914369057,0.127648318428681,83.1473856830465,3,0,0.0429999999999993,0.080999999999996,NA
"Simulation_1__reference__null__rep004","Simulation_1","reference","null",4,26200400,"Gated_active_average_SC","Gated active average",1,0.519804665256139,2.18247027696613,85.5196311327556,3,0,0.00399999999999778,0.0929999999999964,NA
"Simulation_1__reference__null__rep004","Simulation_1","reference","null",4,26200400,"Package_no_interaction_SC","Package no interaction",1,0.519804665256139,2.18247027696613,85.5196311327556,3,0,0.00600000000000023,0.108000000000004,NA
"Simulation_1__reference__null__rep004","Simulation_1","reference","null",4,26200400,"Gower_SC","Gower",1,-0.00554527672165286,0.474441155164947,91.9989386196558,4,0,0.078000000000003,0.0840000000000032,NA
"Simulation_1__reference__null__rep004","Simulation_1","reference","null",4,26200400,"Modified_Gower_SC","Modified Gower",1,0.495120168470895,0.596709790607618,77.1740319779725,5,0,0.290999999999997,0.0820000000000007,NA
"Simulation_1__reference__null__rep004","Simulation_1","reference","null",4,26200400,"Euclidean_onehot_SC","Euclidean one-hot",1,0.0029771235778877,4.09541323399108,89.0126067892483,3,0,0.545000000000002,0.0900000000000034,NA
"Simulation_1__reference__null__rep004","Simulation_1","reference","null",4,26200400,"Ahmad_Dey_SC","Ahmad--Dey distance",1,0.334853902472124,0.0201603996256188,96.5321823154534,3,0,0.0300000000000011,0.0850000000000009,NA
"Simulation_1__reference__signal__rep005","Simulation_1","reference","signal",5,26200500,"Gated_active_average_SC","Gated active average",1,0.917341768493267,3.8326213362237,64.5372514085863,3,0,0.00799999999999557,0.171000000000006,NA
"Simulation_1__reference__signal__rep005","Simulation_1","reference","signal",5,26200500,"Package_no_interaction_SC","Package no interaction",1,0.474988927757879,2.18026255671266,88.8498798159729,3,0,0.00300000000000011,0.216999999999999,NA
"Simulation_1__reference__signal__rep005","Simulation_1","reference","signal",5,26200500,"Gower_SC","Gower",1,0.6555278106402,0.474989294775173,93.0632330311357,3,0,0.108999999999995,0.146000000000001,NA
"Simulation_1__reference__signal__rep005","Simulation_1","reference","signal",5,26200500,"Modified_Gower_SC","Modified Gower",1,0.722973253367182,0.5872738802651,71.13602993005,3,0,0.441000000000003,0.118000000000009,NA
"Simulation_1__reference__signal__rep005","Simulation_1","reference","signal",5,26200500,"Euclidean_onehot_SC","Euclidean one-hot",1,0.6555278106402,4.14023170190965,77.8553190897174,3,0,0.206000000000003,0.0899999999999892,NA
"Simulation_1__reference__signal__rep005","Simulation_1","reference","signal",5,26200500,"Ahmad_Dey_SC","Ahmad--Dey distance",1,0.801421914369057,0.10613435912261,85.4266013091177,4,0,0.0409999999999968,0.0789999999999935,NA
"Simulation_1__reference__null__rep005","Simulation_1","reference","null",5,26200500,"Gated_active_average_SC","Gated active average",1,0.474988927757879,2.18026255671266,88.8498798159729,3,0,0.00400000000000489,0.0889999999999986,NA
"Simulation_1__reference__null__rep005","Simulation_1","reference","null",5,26200500,"Package_no_interaction_SC","Package no interaction",1,0.474988927757879,2.18026255671266,88.8498798159729,3,0,0.00799999999999557,0.0870000000000033,NA
"Simulation_1__reference__null__rep005","Simulation_1","reference","null",5,26200500,"Gower_SC","Gower",1,-0.00280243524593865,0.469748965474914,89.8475067341706,4,0,0.129999999999995,0.27600000000001,NA
"Simulation_1__reference__null__rep005","Simulation_1","reference","null",5,26200500,"Modified_Gower_SC","Modified Gower",1,0.519803868907569,0.609708958378031,79.5201948519204,2,0,0.754000000000005,0.103999999999999,NA
"Simulation_1__reference__null__rep005","Simulation_1","reference","null",5,26200500,"Euclidean_onehot_SC","Euclidean one-hot",1,-0.00280243524593865,4.07048427940551,87.758652429343,4,0,0.170999999999992,0.507000000000005,NA
"Simulation_1__reference__null__rep005","Simulation_1","reference","null",5,26200500,"Ahmad_Dey_SC","Ahmad--Dey distance",1,0.0783442308157888,0.0194145328780053,98.8288215099361,3,0,0.417000000000002,0.106999999999999,NA
"Simulation_2__n500__interaction__rep001","Simulation_2","n500","interaction",1,26300100,"Gated_active_average_SC","Gated active average",1,0.644562227317978,5.89452051832023,56.3872822584285,2,0,0.0130000000000052,0.198000000000008,NA
"Simulation_2__n500__interaction__rep001","Simulation_2","n500","interaction",1,26300100,"Package_no_interaction_SC","Package no interaction",1,0.266003352110107,4.96101147826534,53.7945030885864,2,0,0.00600000000000023,0.465000000000003,NA
"Simulation_2__n500__interaction__rep001","Simulation_2","n500","interaction",1,26300100,"Gower_SC","Gower",1,0.264285408882012,0.307674117460881,46.8460503195616,3,0,0.0990000000000038,0.200999999999993,NA
"Simulation_2__n500__interaction__rep001","Simulation_2","n500","interaction",1,26300100,"Modified_Gower_SC","Modified Gower",1,0.696647277419647,0.567640972761275,35.1888428512009,3,0,0.981999999999999,0.213999999999999,NA
"Simulation_2__n500__interaction__rep001","Simulation_2","n500","interaction",1,26300100,"Euclidean_onehot_SC","Euclidean one-hot",1,0.265558143133555,5.36529408263446,55.1299819865052,3,0,0.960999999999999,0.167999999999992,NA
"Simulation_2__n500__interaction__rep001","Simulation_2","n500","interaction",1,26300100,"Ahmad_Dey_SC","Ahmad--Dey distance",1,0.389585795145947,0.0627722512270358,13.3993972100782,2,0,0.0619999999999976,0.167000000000002,NA
"Simulation_2__n500__interaction__rep002","Simulation_2","n500","interaction",2,26300200,"Gated_active_average_SC","Gated active average",1,0.82188912288191,6.00508577981843,50.4308939194188,2,0,0.0120000000000005,0.197000000000003,NA
"Simulation_2__n500__interaction__rep002","Simulation_2","n500","interaction",2,26300200,"Package_no_interaction_SC","Package no interaction",1,0.252696210447726,4.90703380603564,58.9898573594498,2,0,0.00600000000000023,0.557000000000002,NA
"Simulation_2__n500__interaction__rep002","Simulation_2","n500","interaction",2,26300200,"Gower_SC","Gower",1,0.249996175630592,0.311264305899708,60.0478257242288,2,0,0.0859999999999985,0.218999999999994,NA
"Simulation_2__n500__interaction__rep002","Simulation_2","n500","interaction",2,26300200,"Modified_Gower_SC","Modified Gower",1,0.778341678755817,0.597499461942495,30.376077900836,2,0,0.970000000000013,0.257000000000005,NA
"Simulation_2__n500__interaction__rep002","Simulation_2","n500","interaction",2,26300200,"Euclidean_onehot_SC","Euclidean one-hot",1,0.284279967888797,5.34373791716107,58.0476594166519,2,0,0.884999999999991,0.172000000000011,NA
"Simulation_2__n500__interaction__rep002","Simulation_2","n500","interaction",2,26300200,"Ahmad_Dey_SC","Ahmad--Dey distance",1,0.383432279697956,0.055158637984568,11.7872113722138,2,0,0.0769999999999982,0.182000000000002,NA
"Simulation_2__n500__interaction__rep003","Simulation_2","n500","interaction",3,26300300,"Gated_active_average_SC","Gated active average",1,0.857785148030803,6.02021534658228,35.3414283947818,2,0,0.0099999999999909,0.191000000000003,NA
"Simulation_2__n500__interaction__rep003","Simulation_2","n500","interaction",3,26300300,"Package_no_interaction_SC","Package no interaction",1,0.249597604401972,4.85792270668256,57.5613933602567,2,0,0.00500000000000966,0.220000000000013,NA
"Simulation_2__n500__interaction__rep003","Simulation_2","n500","interaction",3,26300300,"Gower_SC","Gower",1,0.276288011746861,0.308324237441108,55.2148919765385,2,0,0.0729999999999933,0.185999999999993,NA
"Simulation_2__n500__interaction__rep003","Simulation_2","n500","interaction",3,26300300,"Modified_Gower_SC","Modified Gower",1,0.726819751379911,0.592371876593748,34.428310781701,2,0,1.02500000000001,0.162000000000006,NA
"Simulation_2__n500__interaction__rep003","Simulation_2","n500","interaction",3,26300300,"Euclidean_onehot_SC","Euclidean one-hot",1,0.349926958608572,5.349951601752,51.7429982579879,2,0,0.428999999999988,0.178999999999988,NA
"Simulation_2__n500__interaction__rep003","Simulation_2","n500","interaction",3,26300300,"Ahmad_Dey_SC","Ahmad--Dey distance",1,0.364571459266912,0.0416232897378241,0.697416793514362,2,0,0.0640000000000072,0.188000000000002,NA
"Simulation_2__n500__interaction__rep004","Simulation_2","n500","interaction",4,26300400,"Gated_active_average_SC","Gated active average",1,0.832311542676226,6.08778616454008,52.6562050331036,3,0,0.0160000000000053,0.308999999999997,NA
"Simulation_2__n500__interaction__rep004","Simulation_2","n500","interaction",4,26300400,"Package_no_interaction_SC","Package no interaction",1,0.23520333604427,4.9424638213723,58.2179321784181,2,0,0.00499999999999545,0.170000000000002,NA
"Simulation_2__n500__interaction__rep004","Simulation_2","n500","interaction",4,26300400,"Gower_SC","Gower",1,0.242341568092663,0.31689141638798,37.586031639749,1,0,0.0849999999999937,0.337999999999994,NA
"Simulation_2__n500__interaction__rep004","Simulation_2","n500","interaction",4,26300400,"Modified_Gower_SC","Modified Gower",1,0.659227202968858,0.624279728312143,36.3325233438839,2,0,1.05800000000001,0.178000000000011,NA
"Simulation_2__n500__interaction__rep004","Simulation_2","n500","interaction",4,26300400,"Euclidean_onehot_SC","Euclidean one-hot",1,0.241928035060348,5.3617048823286,56.0186021620021,2,0,0.911999999999992,0.228999999999999,NA
"Simulation_2__n500__interaction__rep004","Simulation_2","n500","interaction",4,26300400,"Ahmad_Dey_SC","Ahmad--Dey distance",1,0.358318776745231,0.0505395136532205,3.98495615671661,3,0,0.041000000000011,0.178000000000011,NA
"Simulation_2__n500__interaction__rep005","Simulation_2","n500","interaction",5,26300500,"Gated_active_average_SC","Gated active average",1,0.614598450024314,5.96311192481851,58.2776058002963,2,0,0.00499999999999545,0.204000000000008,NA
"Simulation_2__n500__interaction__rep005","Simulation_2","n500","interaction",5,26300500,"Package_no_interaction_SC","Package no interaction",1,0.257661270622118,4.987500570747,61.9454494081053,2,0,0.0099999999999909,0.167000000000002,NA
"Simulation_2__n500__interaction__rep005","Simulation_2","n500","interaction",5,26300500,"Gower_SC","Gower",1,0.256899004134674,0.308974206258901,46.3218505036202,2,0,0.0900000000000034,0.210000000000008,NA
"Simulation_2__n500__interaction__rep005","Simulation_2","n500","interaction",5,26300500,"Modified_Gower_SC","Modified Gower",1,0.674217897614308,0.601206399198994,27.5492193742362,2,0,1.131,0.216999999999985,NA
"Simulation_2__n500__interaction__rep005","Simulation_2","n500","interaction",5,26300500,"Euclidean_onehot_SC","Euclidean one-hot",1,0.278194161137693,5.3690364373115,57.833876894731,2,0,0.542000000000002,0.192000000000007,NA
"Simulation_2__n500__interaction__rep005","Simulation_2","n500","interaction",5,26300500,"Ahmad_Dey_SC","Ahmad--Dey distance",1,0.390313146765889,0.0396021714355942,0.391153237608026,2,0,0.0660000000000025,0.185000000000002,NA
"Simulation_3__npg120_profile0-35__aligned__rep001","Simulation_3","npg120_profile0.35","aligned",1,26400100,"Gated_active_average_SC","Gated active average",1,0.241826589664867,17.7352055587293,76.0046615033679,3,0,0.0109999999999957,0.0879999999999939,NA
"Simulation_3__npg120_profile0-35__aligned__rep001","Simulation_3","npg120_profile0.35","aligned",1,26400100,"Package_no_interaction_SC","Package no interaction",1,0.357932135405565,15.9022524145545,64.6767986990137,2,0,0.00900000000001455,0.068000000000012,NA
"Simulation_3__npg120_profile0-35__aligned__rep001","Simulation_3","npg120_profile0.35","aligned",1,26400100,"Gower_SC","Gower",1,0.438440821423279,0.497012050647234,69.2900936260895,3,0,0.146999999999991,0.100999999999999,NA
"Simulation_3__npg120_profile0-35__aligned__rep001","Simulation_3","npg120_profile0.35","aligned",1,26400100,"Modified_Gower_SC","Modified Gower",1,0.426871347922434,0.448165341906708,70.0441580260537,3,0,1.845,0.10899999999998,NA
"Simulation_3__npg120_profile0-35__aligned__rep001","Simulation_3","npg120_profile0.35","aligned",1,26400100,"Euclidean_onehot_SC","Euclidean one-hot",1,0.491395705973133,13.0529243151951,63.061083819011,2,0,1.90600000000001,0.0649999999999977,NA
"Simulation_3__npg120_profile0-35__aligned__rep001","Simulation_3","npg120_profile0.35","aligned",1,26400100,"Ahmad_Dey_SC","Ahmad--Dey distance",1,0.41892902653349,0.533051133948521,65.6575951473975,3,0,0.120999999999981,0.082000000000022,NA
"Simulation_3__npg120_profile0-35__decoupled__rep001","Simulation_3","npg120_profile0.35","decoupled",1,26400100,"Gated_active_average_SC","Gated active average",1,0.304480830292634,15.8779101257943,67.3053003701373,2,0,0.00599999999997181,0.0740000000000123,NA
"Simulation_3__npg120_profile0-35__decoupled__rep001","Simulation_3","npg120_profile0.35","decoupled",1,26400100,"Package_no_interaction_SC","Package no interaction",1,0.304480830292634,15.8779101257943,67.3053003701373,2,0,0.0040000000000191,0.0779999999999745,NA
"Simulation_3__npg120_profile0-35__decoupled__rep001","Simulation_3","npg120_profile0.35","decoupled",1,26400100,"Gower_SC","Gower",1,-0.0002753561935288,0.496282583297788,70.9044207896885,2,0,0.170000000000016,0.0669999999999504,NA
"Simulation_3__npg120_profile0-35__decoupled__rep001","Simulation_3","npg120_profile0.35","decoupled",1,26400100,"Modified_Gower_SC","Modified Gower",1,5.35777982145349e-05,0.445260929115477,71.3193127701004,3,0,2.47099999999995,0.0960000000000036,NA
"Simulation_3__npg120_profile0-35__decoupled__rep001","Simulation_3","npg120_profile0.35","decoupled",1,26400100,"Euclidean_onehot_SC","Euclidean one-hot",1,-0.000724597480658714,13.0399369032221,66.1618164782575,3,0,1.43000000000001,0.0629999999999882,NA
"Simulation_3__npg120_profile0-35__decoupled__rep001","Simulation_3","npg120_profile0.35","decoupled",1,26400100,"Ahmad_Dey_SC","Ahmad--Dey distance",1,-0.00210500608791248,0.485745084349324,66.7341959181199,3,0,0.319999999999993,0.0660000000000309,NA
"Simulation_3__npg120_profile0-35__aligned__rep002","Simulation_3","npg120_profile0.35","aligned",2,26400200,"Gated_active_average_SC","Gated active average",1,0.230543854070392,17.5635971590538,68.7576201290346,3,0,0.00399999999996226,0.0839999999999463,NA
"Simulation_3__npg120_profile0-35__aligned__rep002","Simulation_3","npg120_profile0.35","aligned",2,26400200,"Package_no_interaction_SC","Package no interaction",1,0.365427980880346,15.7106549325304,65.106037117102,3,0,0.00499999999999545,0.0880000000000223,NA
"Simulation_3__npg120_profile0-35__aligned__rep002","Simulation_3","npg120_profile0.35","aligned",2,26400200,"Gower_SC","Gower",1,0.422059831246896,0.496941152460302,64.1295921183204,3,0,0.105000000000018,0.0930000000000177,NA
"Simulation_3__npg120_profile0-35__aligned__rep002","Simulation_3","npg120_profile0.35","aligned",2,26400200,"Modified_Gower_SC","Modified Gower",1,0.385397225815788,0.449394878539894,66.4429707107695,3,0,1.48099999999999,0.145000000000039,NA
"Simulation_3__npg120_profile0-35__aligned__rep002","Simulation_3","npg120_profile0.35","aligned",2,26400200,"Euclidean_onehot_SC","Euclidean one-hot",1,0.471358946424492,13.0431685934555,58.4186701382891,3,0,1.23399999999998,0.0710000000000264,NA
"Simulation_3__npg120_profile0-35__aligned__rep002","Simulation_3","npg120_profile0.35","aligned",2,26400200,"Ahmad_Dey_SC","Ahmad--Dey distance",1,0.379482204291023,0.469305383482967,62.4525102521106,2,0,0.368000000000052,0.0939999999999941,NA
"Simulation_3__npg120_profile0-35__decoupled__rep002","Simulation_3","npg120_profile0.35","decoupled",2,26400200,"Gated_active_average_SC","Gated active average",1,0.349025034375887,15.6893277304161,66.1401032183604,3,0,0.250999999999976,0.0780000000000314,NA
"Simulation_3__npg120_profile0-35__decoupled__rep002","Simulation_3","npg120_profile0.35","decoupled",2,26400200,"Package_no_interaction_SC","Package no interaction",1,0.349025034375887,15.6893277304161,66.1401032183604,3,0,0.00600000000002865,0.0679999999999836,NA
"Simulation_3__npg120_profile0-35__decoupled__rep002","Simulation_3","npg120_profile0.35","decoupled",2,26400200,"Gower_SC","Gower",1,-0.00294265306987507,0.496763823959873,65.3103808389069,3,0,0.115999999999985,0.0849999999999795,NA
"Simulation_3__npg120_profile0-35__decoupled__rep002","Simulation_3","npg120_profile0.35","decoupled",2,26400200,"Modified_Gower_SC","Modified Gower",1,-0.00239880823243006,0.447502231578721,67.0305250681824,2,0,1.44299999999998,0.0690000000000168,NA
"Simulation_3__npg120_profile0-35__decoupled__rep002","Simulation_3","npg120_profile0.35","decoupled",2,26400200,"Euclidean_onehot_SC","Euclidean one-hot",1,-0.00279670672720693,13.0302572636431,60.6133709868079,2,0,1.06600000000003,0.11099999999999,NA
"Simulation_3__npg120_profile0-35__decoupled__rep002","Simulation_3","npg120_profile0.35","decoupled",2,26400200,"Ahmad_Dey_SC","Ahmad--Dey distance",1,-0.00184890702257043,0.444900099985639,64.4391237530338,2,0,0.315999999999974,0.0740000000000123,NA
"Simulation_3__npg120_profile0-35__aligned__rep003","Simulation_3","npg120_profile0.35","aligned",3,26400300,"Gated_active_average_SC","Gated active average",1,0.484961286089047,17.5454216689735,60.5952250032583,3,0,0.00499999999999545,0.0690000000000168,NA
"Simulation_3__npg120_profile0-35__aligned__rep003","Simulation_3","npg120_profile0.35","aligned",3,26400300,"Package_no_interaction_SC","Package no interaction",1,0.460615556620875,15.6197628985367,63.8993817158602,2,0,0.00599999999997181,0.0670000000000073,NA
"Simulation_3__npg120_profile0-35__aligned__rep003","Simulation_3","npg120_profile0.35","aligned",3,26400300,"Gower_SC","Gower",1,0.366922185884683,0.491756290263064,69.9955252469842,3,0,0.109000000000037,0.0779999999999745,NA
"Simulation_3__npg120_profile0-35__aligned__rep003","Simulation_3","npg120_profile0.35","aligned",3,26400300,"Modified_Gower_SC","Modified Gower",1,0.351616793212554,0.445835863480991,68.3988454063809,3,0,1.63399999999996,0.0709999999999695,NA
"Simulation_3__npg120_profile0-35__aligned__rep003","Simulation_3","npg120_profile0.35","aligned",3,26400300,"Euclidean_onehot_SC","Euclidean one-hot",1,0.448254424153091,13.0328775324933,65.335109214409,3,0,1.51100000000002,0.0840000000000032,NA
"Simulation_3__npg120_profile0-35__aligned__rep003","Simulation_3","npg120_profile0.35","aligned",3,26400300,"Ahmad_Dey_SC","Ahmad--Dey distance",1,0.396408546191309,0.476145128223732,70.1910905333956,3,0,0.113,0.0799999999999841,NA
"Simulation_3__npg120_profile0-35__decoupled__rep003","Simulation_3","npg120_profile0.35","decoupled",3,26400300,"Gated_active_average_SC","Gated active average",1,0.379592871591467,15.607018838885,67.6759091846289,3,0,0.00499999999999545,0.0790000000000077,NA
"Simulation_3__npg120_profile0-35__decoupled__rep003","Simulation_3","npg120_profile0.35","decoupled",3,26400300,"Package_no_interaction_SC","Package no interaction",1,0.379592871591467,15.607018838885,67.6759091846289,3,0,0.00899999999995771,0.0860000000000127,NA
"Simulation_3__npg120_profile0-35__decoupled__rep003","Simulation_3","npg120_profile0.35","decoupled",3,26400300,"Gower_SC","Gower",1,-0.00209202850657881,0.49152910248874,69.9932869756381,2,0,0.138000000000034,0.0779999999999745,NA
"Simulation_3__npg120_profile0-35__decoupled__rep003","Simulation_3","npg120_profile0.35","decoupled",3,26400300,"Modified_Gower_SC","Modified Gower",1,-0.00180681165863486,0.442988000563615,68.4651506694023,3,0,1.83099999999996,0.122000000000014,NA
"Simulation_3__npg120_profile0-35__decoupled__rep003","Simulation_3","npg120_profile0.35","decoupled",3,26400300,"Euclidean_onehot_SC","Euclidean one-hot",1,-0.00203758110236711,13.0223433322458,65.2311707035637,2,0,1.46600000000001,0.0649999999999977,NA
"Simulation_3__npg120_profile0-35__decoupled__rep003","Simulation_3","npg120_profile0.35","decoupled",3,26400300,"Ahmad_Dey_SC","Ahmad--Dey distance",1,0.000731265976994654,0.434442236565255,68.42408359105,2,0,0.110000000000014,0.0670000000000073,NA
"Simulation_3__npg120_profile0-35__aligned__rep004","Simulation_3","npg120_profile0.35","aligned",4,26400400,"Gated_active_average_SC","Gated active average",1,0.497697486770185,17.4081702127474,62.6730426807056,2,0,0.00499999999999545,0.102000000000089,NA
"Simulation_3__npg120_profile0-35__aligned__rep004","Simulation_3","npg120_profile0.35","aligned",4,26400400,"Package_no_interaction_SC","Package no interaction",1,0.223577300854528,15.6393894113087,76.5217753734036,2,0,0.0109999999999673,0.0989999999999327,NA
"Simulation_3__npg120_profile0-35__aligned__rep004","Simulation_3","npg120_profile0.35","aligned",4,26400400,"Gower_SC","Gower",1,0.360043301479338,0.493324160551235,71.9469322875237,2,0,0.149000000000001,0.156999999999925,NA
"Simulation_3__npg120_profile0-35__aligned__rep004","Simulation_3","npg120_profile0.35","aligned",4,26400400,"Modified_Gower_SC","Modified Gower",1,0.366351542252887,0.45100698186946,73.5033743435045,3,0,3.14200000000005,0.0720000000000027,NA
"Simulation_3__npg120_profile0-35__aligned__rep004","Simulation_3","npg120_profile0.35","aligned",4,26400400,"Euclidean_onehot_SC","Euclidean one-hot",1,0.458648029501006,13.034080432989,66.4460183880728,2,0,2.822,0.0679999999999836,NA
"Simulation_3__npg120_profile0-35__aligned__rep004","Simulation_3","npg120_profile0.35","aligned",4,26400400,"Ahmad_Dey_SC","Ahmad--Dey distance",1,0.401519505048633,0.472526272804514,68.4629646403816,2,0,0.172999999999888,0.0710000000000264,NA
"Simulation_3__npg120_profile0-35__decoupled__rep004","Simulation_3","npg120_profile0.35","decoupled",4,26400400,"Gated_active_average_SC","Gated active average",1,0.184444791564517,15.6205268247182,75.9599529092613,3,0,0.00699999999994816,0.0810000000000173,NA
"Simulation_3__npg120_profile0-35__decoupled__rep004","Simulation_3","npg120_profile0.35","decoupled",4,26400400,"Package_no_interaction_SC","Package no interaction",1,0.184444791564517,15.6205268247182,75.9599529092613,3,0,0.00300000000004275,0.0870000000001028,NA
"Simulation_3__npg120_profile0-35__decoupled__rep004","Simulation_3","npg120_profile0.35","decoupled",4,26400400,"Gower_SC","Gower",1,-0.00222565782454015,0.49247444563319,74.3150560106539,3,0,0.44399999999996,0.120000000000005,NA
"Simulation_3__npg120_profile0-35__decoupled__rep004","Simulation_3","npg120_profile0.35","decoupled",4,26400400,"Modified_Gower_SC","Modified Gower",1,0.000140620628366364,0.448024861546011,75.1293078252313,3,0,1.41700000000003,0.143000000000029,NA
"Simulation_3__npg120_profile0-35__decoupled__rep004","Simulation_3","npg120_profile0.35","decoupled",4,26400400,"Euclidean_onehot_SC","Euclidean one-hot",1,-0.000847792440850492,13.0198935108053,70.728892500856,3,0,1.33600000000001,0.0739999999999554,NA
"Simulation_3__npg120_profile0-35__decoupled__rep004","Simulation_3","npg120_profile0.35","decoupled",4,26400400,"Ahmad_Dey_SC","Ahmad--Dey distance",1,0.000609630432906535,0.417493227560856,70.0470599517806,3,0,0.438999999999965,0.0800000000000409,NA
"Simulation_3__npg120_profile0-35__aligned__rep005","Simulation_3","npg120_profile0.35","aligned",5,26400500,"Gated_active_average_SC","Gated active average",1,0.49119522102971,18.0305747670168,63.9680609796715,3,0,0.00499999999999545,0.0740000000000691,NA
"Simulation_3__npg120_profile0-35__aligned__rep005","Simulation_3","npg120_profile0.35","aligned",5,26400500,"Package_no_interaction_SC","Package no interaction",1,0.378474757769564,16.1612741948649,66.0021833660222,2,0,0.0040000000000191,0.06899999999996,NA
"Simulation_3__npg120_profile0-35__aligned__rep005","Simulation_3","npg120_profile0.35","aligned",5,26400500,"Gower_SC","Gower",1,0.338362854307857,0.49230451281915,67.2534287080822,3,0,0.16700000000003,0.0740000000000691,NA
"Simulation_3__npg120_profile0-35__aligned__rep005","Simulation_3","npg120_profile0.35","aligned",5,26400500,"Modified_Gower_SC","Modified Gower",1,0.309391652804066,0.445587360844453,68.4630909613756,2,0,1.75400000000002,0.114000000000033,NA
"Simulation_3__npg120_profile0-35__aligned__rep005","Simulation_3","npg120_profile0.35","aligned",5,26400500,"Euclidean_onehot_SC","Euclidean one-hot",1,0.424971035454781,13.0365918194303,65.1315663522848,3,0,1.07799999999997,0.0639999999999645,NA
"Simulation_3__npg120_profile0-35__aligned__rep005","Simulation_3","npg120_profile0.35","aligned",5,26400500,"Ahmad_Dey_SC","Ahmad--Dey distance",1,0.290089056505202,0.59830198347634,78.2340618194143,2,0,0.298999999999978,0.0690000000000737,NA
"Simulation_3__npg120_profile0-35__decoupled__rep005","Simulation_3","npg120_profile0.35","decoupled",5,26400500,"Gated_active_average_SC","Gated active average",1,0.318703952925411,16.139904602803,65.8295841566612,2,0,0.00700000000006185,0.0679999999999836,NA
"Simulation_3__npg120_profile0-35__decoupled__rep005","Simulation_3","npg120_profile0.35","decoupled",5,26400500,"Package_no_interaction_SC","Package no interaction",1,0.318703952925411,16.139904602803,65.8295841566612,2,0,0.00299999999992906,0.0609999999999218,NA
"Simulation_3__npg120_profile0-35__decoupled__rep005","Simulation_3","npg120_profile0.35","decoupled",5,26400500,"Gower_SC","Gower",1,-0.00143184608092175,0.492052438009719,67.8832059767238,3,0,0.105000000000018,0.0690000000000737,NA
"Simulation_3__npg120_profile0-35__decoupled__rep005","Simulation_3","npg120_profile0.35","decoupled",5,26400500,"Modified_Gower_SC","Modified Gower",1,-0.000361113080023271,0.443076189581909,68.7084913172887,2,0,1.34900000000005,0.0639999999999645,NA
"Simulation_3__npg120_profile0-35__decoupled__rep005","Simulation_3","npg120_profile0.35","decoupled",5,26400500,"Euclidean_onehot_SC","Euclidean one-hot",1,-0.0033660455937158,13.0256417616083,66.5381734588918,2,0,0.855999999999995,0.0609999999999218,NA
"Simulation_3__npg120_profile0-35__decoupled__rep005","Simulation_3","npg120_profile0.35","decoupled",5,26400500,"Ahmad_Dey_SC","Ahmad--Dey distance",1,-0.00420073492442826,0.547198938025282,78.5763679902226,3,0,0.0779999999999745,0.0660000000000309,NA
