"task_id","scenario","condition_id","replicate","data_seed","setting_id","n","k","prop_nn","rho","numeric_block_weight","method","method_label","affinity","ARI","objective","iterations","ifault","affinity_scale","affinity_neighbor_rank","distance_seconds","clustering_seconds","error","param_adjacent_overlap","param_ar1_rho","param_categorical_accuracy","param_categorical_contamination","param_family","param_interaction_state","param_k","param_moon_noise_sd","param_n","param_n_per_moon","param_p_numeric_noise","param_p_numeric_signal","param_q_categorical_noise","param_q_categorical_signal"
1,"corrected_marginal_overlap",1,1,26191901,1,90,3,0.1,0.25,1,"AB_BW_R1_interaction_SC","AB-BW R1 with interaction (spectral clustering)","gaussian",0.342575863015623,19.8418806379689,2,0,6.4517189251877,NA,5.101,0.0249999999999986,NA,"0.1","0.5","0.6",NA,"gaussian",NA,"3",NA,"90",NA,"0","6","0","4"
1,"corrected_marginal_overlap",1,1,26191901,1,90,3,0.1,0.25,1,"AB_BW_R1_interaction_SC","AB-BW R1 with interaction (spectral clustering)","selftune",0.248413026211279,17.2851845665755,2,0,4.09567969879809,7,5.101,0.00799999999999912,NA,"0.1","0.5","0.6",NA,"gaussian",NA,"3",NA,"90",NA,"0","6","0","4"
1,"corrected_marginal_overlap",1,1,26191901,1,90,3,0.1,0.25,1,"AB_BW_R1_no_interaction_SC","AB-BW R1 without interaction (spectral clustering)","gaussian",0.342575863015623,19.8418806379689,2,0,6.4517189251877,NA,5.101,0.004999999999999,NA,"0.1","0.5","0.6",NA,"gaussian",NA,"3",NA,"90",NA,"0","6","0","4"
1,"corrected_marginal_overlap",1,1,26191901,1,90,3,0.1,0.25,1,"AB_BW_R1_no_interaction_SC","AB-BW R1 without interaction (spectral clustering)","selftune",0.248413026211279,17.2851845665755,2,0,4.09567969879809,7,5.101,0.00600000000000023,NA,"0.1","0.5","0.6",NA,"gaussian",NA,"3",NA,"90",NA,"0","6","0","4"
1,"corrected_marginal_overlap",1,1,26191901,1,90,3,0.1,0.25,1,"Legacy_u_dep_interaction_SC","Legacy u_dep interaction implementation (spectral clustering)","gaussian",0.118712096429201,18.9040028683892,2,0,6.97993628286669,NA,0.807,0.00399999999999956,NA,"0.1","0.5","0.6",NA,"gaussian",NA,"3",NA,"90",NA,"0","6","0","4"
1,"corrected_marginal_overlap",1,1,26191901,1,90,3,0.1,0.25,1,"Legacy_u_dep_interaction_SC","Legacy u_dep interaction implementation (spectral clustering)","selftune",0.285563300535997,15.1773982260952,2,0,4.3675084067455,7,0.807,0.00600000000000023,NA,"0.1","0.5","0.6",NA,"gaussian",NA,"3",NA,"90",NA,"0","6","0","4"
1,"corrected_marginal_overlap",1,1,26191901,1,90,3,0.1,0.25,1,"Gower_SC","Gower dissimilarity (spectral clustering)","gaussian",0.506727314425503,14.6837034359815,3,0,0.420816933228502,NA,0.119,0.00399999999999956,NA,"0.1","0.5","0.6",NA,"gaussian",NA,"3",NA,"90",NA,"0","6","0","4"
1,"corrected_marginal_overlap",1,1,26191901,1,90,3,0.1,0.25,1,"Gower_SC","Gower dissimilarity (spectral clustering)","selftune",0.579950701578951,12.3279157718023,2,0,0.251172064498178,7,0.119,0.00500000000000078,NA,"0.1","0.5","0.6",NA,"gaussian",NA,"3",NA,"90",NA,"0","6","0","4"
1,"corrected_marginal_overlap",1,1,26191901,1,90,3,0.1,0.25,1,"Euclidean_onehot_SC","Standardized Euclidean one-hot dissimilarity (spectral clustering)","gaussian",0.482970596300146,13.7856503706127,2,0,5.99292817679309,NA,0.263,0.00399999999999956,NA,"0.1","0.5","0.6",NA,"gaussian",NA,"3",NA,"90",NA,"0","6","0","4"
1,"corrected_marginal_overlap",1,1,26191901,1,90,3,0.1,0.25,1,"Euclidean_onehot_SC","Standardized Euclidean one-hot dissimilarity (spectral clustering)","selftune",0.555791406115541,12.8362341039942,2,0,4.5225676617189,7,0.263,0.00600000000000023,NA,"0.1","0.5","0.6",NA,"gaussian",NA,"3",NA,"90",NA,"0","6","0","4"
1,"corrected_marginal_overlap",1,1,26191901,1,90,3,0.1,0.25,1,"Modified_Gower_SC","Feature-weighted modified Gower dissimilarity (spectral clustering)","gaussian",0.658908154090437,14.4569967249332,3,0,0.540531301651725,NA,0.388,0.00399999999999956,NA,"0.1","0.5","0.6",NA,"gaussian",NA,"3",NA,"90",NA,"0","6","0","4"
1,"corrected_marginal_overlap",1,1,26191901,1,90,3,0.1,0.25,1,"Modified_Gower_SC","Feature-weighted modified Gower dissimilarity (spectral clustering)","selftune",0.630968834990414,12.048743039134,2,0,0.359933755574483,7,0.388,0.00600000000000023,NA,"0.1","0.5","0.6",NA,"gaussian",NA,"3",NA,"90",NA,"0","6","0","4"
1,"corrected_marginal_overlap",1,1,26191901,1,90,3,0.1,0.25,1,"DKSS_SC","DKSS dependency-aware dissimilarity (spectral clustering)","gaussian",0.370209486442934,16.8659526848208,2,0,0.627771228226531,NA,0.754,0.00399999999999956,NA,"0.1","0.5","0.6",NA,"gaussian",NA,"3",NA,"90",NA,"0","6","0","4"
1,"corrected_marginal_overlap",1,1,26191901,1,90,3,0.1,0.25,1,"DKSS_SC","DKSS dependency-aware dissimilarity (spectral clustering)","selftune",0.552314452690285,15.0009245815801,2,0,0.365431164177564,7,0.754,0.00600000000000023,NA,"0.1","0.5","0.6",NA,"gaussian",NA,"3",NA,"90",NA,"0","6","0","4"
1,"corrected_marginal_overlap",1,1,26191901,1,90,3,0.1,0.25,1,"KPrototypes","k-prototypes","not_applicable",0.966475346515058,830.011821946327,4,NA,NA,NA,NA,2.641,NA,"0.1","0.5","0.6",NA,"gaussian",NA,"3",NA,"90",NA,"0","6","0","4"
251,"nonlinear_interaction",1,1,26491901,1,36,6,0.1,0.5,1,"AB_BW_R1_interaction_SC","AB-BW R1 with interaction (spectral clustering)","gaussian",0.929032258064516,5.92424879806992,3,0,2.3850999689723,NA,2.37,0.0530000000000008,NA,NA,NA,NA,"0",NA,"signal",NA,"0.08",NA,"18",NA,NA,"0",NA
251,"nonlinear_interaction",1,1,26491901,1,36,6,0.1,0.5,1,"AB_BW_R1_interaction_SC","AB-BW R1 with interaction (spectral clustering)","selftune",0.929032258064516,2.10799136568009,4,0,1.42031190153829,7,2.37,0.0190000000000001,NA,NA,NA,NA,"0",NA,"signal",NA,"0.08",NA,"18",NA,NA,"0",NA
251,"nonlinear_interaction",1,1,26491901,1,36,6,0.1,0.5,1,"AB_BW_R1_no_interaction_SC","AB-BW R1 without interaction (spectral clustering)","gaussian",0.469406392694064,9.65102243764247,3,0,1.96689089301552,NA,2.37,0.00699999999999967,NA,NA,NA,NA,"0",NA,"signal",NA,"0.08",NA,"18",NA,NA,"0",NA
251,"nonlinear_interaction",1,1,26491901,1,36,6,0.1,0.5,1,"AB_BW_R1_no_interaction_SC","AB-BW R1 without interaction (spectral clustering)","selftune",0.794495412844037,4.02373725969951,3,0,1.00996996643617,7,2.37,0.00400000000000134,NA,NA,NA,NA,"0",NA,"signal",NA,"0.08",NA,"18",NA,NA,"0",NA
251,"nonlinear_interaction",1,1,26491901,1,36,6,0.1,0.5,1,"Legacy_u_dep_interaction_SC","Legacy u_dep interaction implementation (spectral clustering)","gaussian",0.929032258064516,5.90391112134075,3,0,2.96466126585062,NA,1.448,0.00399999999999956,NA,NA,NA,NA,"0",NA,"signal",NA,"0.08",NA,"18",NA,NA,"0",NA
251,"nonlinear_interaction",1,1,26491901,1,36,6,0.1,0.5,1,"Legacy_u_dep_interaction_SC","Legacy u_dep interaction implementation (spectral clustering)","selftune",0.929032258064516,1.03610543469485,2,0,1.7964653678197,7,1.448,0.0109999999999992,NA,NA,NA,NA,"0",NA,"signal",NA,"0.08",NA,"18",NA,NA,"0",NA
251,"nonlinear_interaction",1,1,26491901,1,36,6,0.1,0.5,1,"Gower_SC","Gower dissimilarity (spectral clustering)","gaussian",0.58,10.5642332018405,2,0,0.560986263453131,NA,0.0489999999999995,0.00399999999999956,NA,NA,NA,NA,"0",NA,"signal",NA,"0.08",NA,"18",NA,NA,"0",NA
251,"nonlinear_interaction",1,1,26491901,1,36,6,0.1,0.5,1,"Gower_SC","Gower dissimilarity (spectral clustering)","selftune",0.58,9.4458352534018,3,0,0.332359183682974,7,0.0489999999999995,0.0129999999999999,NA,NA,NA,NA,"0",NA,"signal",NA,"0.08",NA,"18",NA,NA,"0",NA
251,"nonlinear_interaction",1,1,26491901,1,36,6,0.1,0.5,1,"Euclidean_onehot_SC","Standardized Euclidean one-hot dissimilarity (spectral clustering)","gaussian",0.770909090909091,9.97540911096091,2,0,4.24785847448606,NA,0.147,0.00500000000000078,NA,NA,NA,NA,"0",NA,"signal",NA,"0.08",NA,"18",NA,NA,"0",NA
251,"nonlinear_interaction",1,1,26491901,1,36,6,0.1,0.5,1,"Euclidean_onehot_SC","Standardized Euclidean one-hot dissimilarity (spectral clustering)","selftune",0.58,9.46047119043764,2,0,3.13154423440869,7,0.147,0.00799999999999912,NA,NA,NA,NA,"0",NA,"signal",NA,"0.08",NA,"18",NA,NA,"0",NA
251,"nonlinear_interaction",1,1,26491901,1,36,6,0.1,0.5,1,"Modified_Gower_SC","Feature-weighted modified Gower dissimilarity (spectral clustering)","gaussian",1,4.82697609337411,2,0,0.591941051657035,NA,0.118,0.00300000000000011,NA,NA,NA,NA,"0",NA,"signal",NA,"0.08",NA,"18",NA,NA,"0",NA
251,"nonlinear_interaction",1,1,26491901,1,36,6,0.1,0.5,1,"Modified_Gower_SC","Feature-weighted modified Gower dissimilarity (spectral clustering)","selftune",1,1.32284935094791,2,0,0.395653248628476,7,0.118,0.004999999999999,NA,NA,NA,NA,"0",NA,"signal",NA,"0.08",NA,"18",NA,NA,"0",NA
251,"nonlinear_interaction",1,1,26491901,1,36,6,0.1,0.5,1,"DKSS_SC","DKSS dependency-aware dissimilarity (spectral clustering)","gaussian",0.653211009174312,7.07874888110914,2,0,0.913952773467748,NA,0.0670000000000002,0.00500000000000078,NA,NA,NA,NA,"0",NA,"signal",NA,"0.08",NA,"18",NA,NA,"0",NA
251,"nonlinear_interaction",1,1,26491901,1,36,6,0.1,0.5,1,"DKSS_SC","DKSS dependency-aware dissimilarity (spectral clustering)","selftune",0.929032258064516,1.46180278102522,3,0,0.44080952724804,7,0.0670000000000002,0.00999999999999979,NA,NA,NA,NA,"0",NA,"signal",NA,"0.08",NA,"18",NA,NA,"0",NA
251,"nonlinear_interaction",1,1,26491901,1,36,6,0.1,0.5,1,"KPrototypes","k-prototypes","not_applicable",0.735483870967742,20.0306507780275,4,NA,NA,NA,NA,4.344,NA,NA,NA,NA,"0",NA,"signal",NA,"0.08",NA,"18",NA,NA,"0",NA
301,"null_interaction",1,1,26591901,1,36,2,0.1,0.5,1,"AB_BW_R1_interaction_SC","AB-BW R1 with interaction (spectral clustering)","gaussian",0.784029038112523,2.57905842671338,1,0,2.02710772639994,NA,1.961,0.0549999999999997,NA,NA,NA,NA,"0",NA,"null",NA,"0.08",NA,"18",NA,NA,"0",NA
301,"null_interaction",1,1,26591901,1,36,2,0.1,0.5,1,"AB_BW_R1_interaction_SC","AB-BW R1 with interaction (spectral clustering)","selftune",0.784029038112523,2.72516928683484,1,0,1.06021442765549,7,1.961,0.0139999999999993,NA,NA,NA,NA,"0",NA,"null",NA,"0.08",NA,"18",NA,NA,"0",NA
301,"null_interaction",1,1,26591901,1,36,2,0.1,0.5,1,"AB_BW_R1_no_interaction_SC","AB-BW R1 without interaction (spectral clustering)","gaussian",0.784029038112523,2.57905842671338,1,0,2.02710772639994,NA,1.961,0.00500000000000078,NA,NA,NA,NA,"0",NA,"null",NA,"0.08",NA,"18",NA,NA,"0",NA
301,"null_interaction",1,1,26591901,1,36,2,0.1,0.5,1,"AB_BW_R1_no_interaction_SC","AB-BW R1 without interaction (spectral clustering)","selftune",0.784029038112523,2.72516928683484,1,0,1.06021442765549,7,1.961,0.00600000000000023,NA,NA,NA,NA,"0",NA,"null",NA,"0.08",NA,"18",NA,NA,"0",NA
301,"null_interaction",1,1,26591901,1,36,2,0.1,0.5,1,"Legacy_u_dep_interaction_SC","Legacy u_dep interaction implementation (spectral clustering)","gaussian",0.507579195788327,2.58290231618652,1,0,2.27495395153233,NA,1.699,0.00600000000000023,NA,NA,NA,NA,"0",NA,"null",NA,"0.08",NA,"18",NA,NA,"0",NA
301,"null_interaction",1,1,26591901,1,36,2,0.1,0.5,1,"Legacy_u_dep_interaction_SC","Legacy u_dep interaction implementation (spectral clustering)","selftune",0.685714285714286,1.90918240673426,1,0,1.28173382965016,7,1.699,0.00999999999999979,NA,NA,NA,NA,"0",NA,"null",NA,"0.08",NA,"18",NA,NA,"0",NA
301,"null_interaction",1,1,26591901,1,36,2,0.1,0.5,1,"Gower_SC","Gower dissimilarity (spectral clustering)","gaussian",-0.000726150494690112,3.48841854336784,1,0,0.531945213472775,NA,0.0830000000000002,0.00699999999999967,NA,NA,NA,NA,"0",NA,"null",NA,"0.08",NA,"18",NA,NA,"0",NA
301,"null_interaction",1,1,26591901,1,36,2,0.1,0.5,1,"Gower_SC","Gower dissimilarity (spectral clustering)","selftune",-0.0167029774872912,3.34741156438153,1,0,0.352567647964743,7,0.0830000000000002,0.00399999999999956,NA,NA,NA,NA,"0",NA,"null",NA,"0.08",NA,"18",NA,NA,"0",NA
301,"null_interaction",1,1,26591901,1,36,2,0.1,0.5,1,"Euclidean_onehot_SC","Standardized Euclidean one-hot dissimilarity (spectral clustering)","gaussian",0.0217785843920144,3.30676033994916,1,0,4.1859465384766,NA,0.154,0.00300000000000011,NA,NA,NA,NA,"0",NA,"null",NA,"0.08",NA,"18",NA,NA,"0",NA
301,"null_interaction",1,1,26591901,1,36,2,0.1,0.5,1,"Euclidean_onehot_SC","Standardized Euclidean one-hot dissimilarity (spectral clustering)","selftune",0.00144914409926637,3.11867849025763,1,0,3.1286161805326,7,0.154,0.00500000000000078,NA,NA,NA,NA,"0",NA,"null",NA,"0.08",NA,"18",NA,NA,"0",NA
301,"null_interaction",1,1,26591901,1,36,2,0.1,0.5,1,"Modified_Gower_SC","Feature-weighted modified Gower dissimilarity (spectral clustering)","gaussian",0.355087591903422,2.46923213719606,1,0,0.611113625244093,NA,0.0860000000000003,0.00500000000000078,NA,NA,NA,NA,"0",NA,"null",NA,"0.08",NA,"18",NA,NA,"0",NA
301,"null_interaction",1,1,26591901,1,36,2,0.1,0.5,1,"Modified_Gower_SC","Feature-weighted modified Gower dissimilarity (spectral clustering)","selftune",0.355087591903422,2.78031466393763,1,0,0.441580350179175,7,0.0860000000000003,0.004999999999999,NA,NA,NA,NA,"0",NA,"null",NA,"0.08",NA,"18",NA,NA,"0",NA
301,"null_interaction",1,1,26591901,1,36,2,0.1,0.5,1,"DKSS_SC","DKSS dependency-aware dissimilarity (spectral clustering)","gaussian",0.428934010152284,3.05372267001254,1,0,0.960393169182549,NA,0.0800000000000001,0.00500000000000078,NA,NA,NA,NA,"0",NA,"null",NA,"0.08",NA,"18",NA,NA,"0",NA
301,"null_interaction",1,1,26591901,1,36,2,0.1,0.5,1,"DKSS_SC","DKSS dependency-aware dissimilarity (spectral clustering)","selftune",0.428934010152284,3.67600848141929,1,0,0.587313279369474,7,0.0800000000000001,0.00799999999999912,NA,NA,NA,NA,"0",NA,"null",NA,"0.08",NA,"18",NA,NA,"0",NA
301,"null_interaction",1,1,26591901,1,36,2,0.1,0.5,1,"KPrototypes","k-prototypes","not_applicable",0.126984126984127,43.6497894284078,5,NA,NA,NA,NA,2.653,NA,NA,NA,NA,"0",NA,"null",NA,"0.08",NA,"18",NA,NA,"0",NA
851,"pi_nn_sensitivity",1,1,26991901,1,36,6,0.02,0.5,1,"AB_BW_R1_interaction_SC","AB-BW R1 with interaction (spectral clustering)","gaussian",1,5.6124587640641,2,0,2.46052994038547,NA,2.393,0.0709999999999997,NA,NA,NA,NA,"0",NA,"signal",NA,"0.08",NA,"18",NA,NA,"0",NA
851,"pi_nn_sensitivity",1,1,26991901,1,36,6,0.02,0.5,1,"AB_BW_R1_interaction_SC","AB-BW R1 with interaction (spectral clustering)","selftune",1,1.332623213191,2,0,1.39331321985307,7,2.393,0.0149999999999988,NA,NA,NA,NA,"0",NA,"signal",NA,"0.08",NA,"18",NA,NA,"0",NA
851,"pi_nn_sensitivity",1,1,26991901,1,36,6,0.02,0.5,1,"AB_BW_R1_no_interaction_SC","AB-BW R1 without interaction (spectral clustering)","gaussian",0.398190045248869,8.95937202056641,3,0,1.99342045615684,NA,2.393,0.00600000000000023,NA,NA,NA,NA,"0",NA,"signal",NA,"0.08",NA,"18",NA,NA,"0",NA
851,"pi_nn_sensitivity",1,1,26991901,1,36,6,0.02,0.5,1,"AB_BW_R1_no_interaction_SC","AB-BW R1 without interaction (spectral clustering)","selftune",1,3.23519518764118,3,0,1.12923046066932,7,2.393,0.00600000000000023,NA,NA,NA,NA,"0",NA,"signal",NA,"0.08",NA,"18",NA,NA,"0",NA
851,"pi_nn_sensitivity",1,1,26991901,2,36,6,0.05,0.5,1,"AB_BW_R1_interaction_SC","AB-BW R1 with interaction (spectral clustering)","gaussian",1,5.6124587640641,2,0,2.46052994038547,NA,1.951,0.00699999999999967,NA,NA,NA,NA,"0",NA,"signal",NA,"0.08",NA,"18",NA,NA,"0",NA
851,"pi_nn_sensitivity",1,1,26991901,2,36,6,0.05,0.5,1,"AB_BW_R1_interaction_SC","AB-BW R1 with interaction (spectral clustering)","selftune",1,1.332623213191,2,0,1.39331321985307,7,1.951,0.0140000000000011,NA,NA,NA,NA,"0",NA,"signal",NA,"0.08",NA,"18",NA,NA,"0",NA
851,"pi_nn_sensitivity",1,1,26991901,2,36,6,0.05,0.5,1,"AB_BW_R1_no_interaction_SC","AB-BW R1 without interaction (spectral clustering)","gaussian",0.398190045248869,8.95937202056641,3,0,1.99342045615684,NA,1.951,0.00699999999999967,NA,NA,NA,NA,"0",NA,"signal",NA,"0.08",NA,"18",NA,NA,"0",NA
851,"pi_nn_sensitivity",1,1,26991901,2,36,6,0.05,0.5,1,"AB_BW_R1_no_interaction_SC","AB-BW R1 without interaction (spectral clustering)","selftune",1,3.23519518764118,3,0,1.12923046066932,7,1.951,0.0120000000000005,NA,NA,NA,NA,"0",NA,"signal",NA,"0.08",NA,"18",NA,NA,"0",NA
851,"pi_nn_sensitivity",1,1,26991901,3,36,6,0.1,0.5,1,"AB_BW_R1_interaction_SC","AB-BW R1 with interaction (spectral clustering)","gaussian",1,5.59539413734001,2,0,2.46962269125213,NA,0.888999999999999,0.0080000000000009,NA,NA,NA,NA,"0",NA,"signal",NA,"0.08",NA,"18",NA,NA,"0",NA
851,"pi_nn_sensitivity",1,1,26991901,3,36,6,0.1,0.5,1,"AB_BW_R1_interaction_SC","AB-BW R1 with interaction (spectral clustering)","selftune",1,1.29667634468409,2,0,1.41414655318641,7,0.888999999999999,0.00899999999999856,NA,NA,NA,NA,"0",NA,"signal",NA,"0.08",NA,"18",NA,NA,"0",NA
851,"pi_nn_sensitivity",1,1,26991901,3,36,6,0.1,0.5,1,"AB_BW_R1_no_interaction_SC","AB-BW R1 without interaction (spectral clustering)","gaussian",0.398190045248869,8.95937202056641,3,0,1.99342045615684,NA,0.888999999999999,0.00699999999999967,NA,NA,NA,NA,"0",NA,"signal",NA,"0.08",NA,"18",NA,NA,"0",NA
851,"pi_nn_sensitivity",1,1,26991901,3,36,6,0.1,0.5,1,"AB_BW_R1_no_interaction_SC","AB-BW R1 without interaction (spectral clustering)","selftune",1,3.23519518764118,3,0,1.12923046066932,7,0.888999999999999,0.011000000000001,NA,NA,NA,NA,"0",NA,"signal",NA,"0.08",NA,"18",NA,NA,"0",NA
851,"pi_nn_sensitivity",1,1,26991901,4,36,6,0.2,0.5,1,"AB_BW_R1_interaction_SC","AB-BW R1 with interaction (spectral clustering)","gaussian",1,5.59610810159253,2,0,2.45175378949017,NA,1.026,0.00599999999999845,NA,NA,NA,NA,"0",NA,"signal",NA,"0.08",NA,"18",NA,NA,"0",NA
851,"pi_nn_sensitivity",1,1,26991901,4,36,6,0.2,0.5,1,"AB_BW_R1_interaction_SC","AB-BW R1 with interaction (spectral clustering)","selftune",1,1.32558539774635,2,0,1.40928529833804,7,1.026,0.00900000000000034,NA,NA,NA,NA,"0",NA,"signal",NA,"0.08",NA,"18",NA,NA,"0",NA
851,"pi_nn_sensitivity",1,1,26991901,4,36,6,0.2,0.5,1,"AB_BW_R1_no_interaction_SC","AB-BW R1 without interaction (spectral clustering)","gaussian",0.398190045248869,8.95937202056641,3,0,1.99342045615684,NA,1.026,0.097999999999999,NA,NA,NA,NA,"0",NA,"signal",NA,"0.08",NA,"18",NA,NA,"0",NA
851,"pi_nn_sensitivity",1,1,26991901,4,36,6,0.2,0.5,1,"AB_BW_R1_no_interaction_SC","AB-BW R1 without interaction (spectral clustering)","selftune",1,3.23519518764118,3,0,1.12923046066932,7,1.026,0.0200000000000014,NA,NA,NA,NA,"0",NA,"signal",NA,"0.08",NA,"18",NA,NA,"0",NA
